{
    "ConfigurationSettings": [
        {
            "SolutionStackName": "64bit Amazon Linux 2023 v6.7.0 running Node.js 20",
            "PlatformArn": "arn:aws:elasticbeanstalk:eu-central-1::platform/Node.js 20 running on 64bit Amazon Linux 2023/6.7.0",
            "ApplicationName": "rt-api-tms-sync",
            "EnvironmentName": "rt-tms-sync-api-v2",
            "DeploymentStatus": "deployed",
            "DateCreated": "2026-01-19T13:35:29+00:00",
            "DateUpdated": "2026-01-26T17:16:16+00:00",
            "OptionSettings": [
                {
                    "ResourceName": "AWSEBAutoScalingGroup",
                    "Namespace": "aws:autoscaling:asg",
                    "OptionName": "Availability Zones",
                    "Value": "Any"
                },
                {
                    "ResourceName": "AWSEBAutoScalingGroup",
                    "Namespace": "aws:autoscaling:asg",
                    "OptionName": "Cooldown",
                    "Value": "360"
                },
                {
                    "ResourceName": "AWSEBAutoScalingGroup",
                    "Namespace": "aws:autoscaling:asg",
                    "OptionName": "Custom Availability Zones",
                    "Value": ""
                },
                {
                    "ResourceName": "AWSEBAutoScalingGroup",
                    "Namespace": "aws:autoscaling:asg",
                    "OptionName": "EnableCapacityRebalancing",
                    "Value": "false"
                },
                {
                    "ResourceName": "AWSEBAutoScalingGroup",
                    "Namespace": "aws:autoscaling:asg",
                    "OptionName": "MaxSize",
                    "Value": "1"
                },
                {
                    "ResourceName": "AWSEBAutoScalingGroup",
                    "Namespace": "aws:autoscaling:asg",
                    "OptionName": "MinSize",
                    "Value": "1"
                },
                {
                    "ResourceName": "AWSEBEC2LaunchTemplate",
                    "Namespace": "aws:autoscaling:launchconfiguration",
                    "OptionName": "BlockDeviceMappings"
                },
                {
                    "Namespace": "aws:autoscaling:launchconfiguration",
                    "OptionName": "DisableDefaultEC2SecurityGroup",
                    "Value": "false"
                },
                {
                    "Namespace": "aws:autoscaling:launchconfiguration",
                    "OptionName": "DisableIMDSv1",
                    "Value": "true"
                },
                {
                    "ResourceName": "AWSEBEC2LaunchTemplate",
                    "Namespace": "aws:autoscaling:launchconfiguration",
                    "OptionName": "EC2KeyName"
                },
                {
                    "ResourceName": "AWSEBEC2LaunchTemplate",
                    "Namespace": "aws:autoscaling:launchconfiguration",
                    "OptionName": "IamInstanceProfile",
                    "Value": "aws-elasticbeanstalk-ec2-role"
                },
                {
                    "ResourceName": "AWSEBEC2LaunchTemplate",
                    "Namespace": "aws:autoscaling:launchconfiguration",
                    "OptionName": "ImageId",
                    "Value": "ami-01a11673385cb3916"
                },
                {
                    "Namespace": "aws:autoscaling:launchconfiguration",
                    "OptionName": "InstanceType",
                    "Value": "t3.micro"
                },
                {
                    "Namespace": "aws:autoscaling:launchconfiguration",
                    "OptionName": "LaunchTemplateTagPropagationEnabled"
                },
                {
                    "ResourceName": "AWSEBEC2LaunchTemplate",
                    "Namespace": "aws:autoscaling:launchconfiguration",
                    "OptionName": "MonitoringInterval",
                    "Value": "5 minute"
                },
                {
                    "ResourceName": "AWSEBEC2LaunchTemplate",
                    "Namespace": "aws:autoscaling:launchconfiguration",
                    "OptionName": "RootVolumeIOPS"
                },
                {
                    "ResourceName": "AWSEBEC2LaunchTemplate",
                    "Namespace": "aws:autoscaling:launchconfiguration",
                    "OptionName": "RootVolumeSize"
                },
                {
                    "ResourceName": "AWSEBEC2LaunchTemplate",
                    "Namespace": "aws:autoscaling:launchconfiguration",
                    "OptionName": "RootVolumeThroughput"
                },
                {
                    "ResourceName": "AWSEBEC2LaunchTemplate",
                    "Namespace": "aws:autoscaling:launchconfiguration",
                    "OptionName": "RootVolumeType"
                },
                {
                    "Namespace": "aws:autoscaling:launchconfiguration",
                    "OptionName": "SSHSourceRestriction",
                    "Value": "tcp,22,22,0.0.0.0/0"
                },
                {
                    "ResourceName": "AWSEBEC2LaunchTemplate",
                    "Namespace": "aws:autoscaling:launchconfiguration",
                    "OptionName": "SecurityGroups",
                    "Value": "awseb-e-t6vmjupsn9-stack-AWSEBSecurityGroup-qYuqmfPLspYQ"
                },
                {
                    "ResourceName": "AWSEBAutoScalingGroup",
                    "Namespace": "aws:autoscaling:updatepolicy:rollingupdate",
                    "OptionName": "MaxBatchSize"
                },
                {
                    "ResourceName": "AWSEBAutoScalingGroup",
                    "Namespace": "aws:autoscaling:updatepolicy:rollingupdate",
                    "OptionName": "MinInstancesInService"
                },
                {
                    "ResourceName": "AWSEBAutoScalingGroup",
                    "Namespace": "aws:autoscaling:updatepolicy:rollingupdate",
                    "OptionName": "PauseTime"
                },
                {
                    "ResourceName": "AWSEBAutoScalingGroup",
                    "Namespace": "aws:autoscaling:updatepolicy:rollingupdate",
                    "OptionName": "RollingUpdateEnabled",
                    "Value": "false"
                },
                {
                    "ResourceName": "AWSEBAutoScalingGroup",
                    "Namespace": "aws:autoscaling:updatepolicy:rollingupdate",
                    "OptionName": "RollingUpdateType",
                    "Value": "Time"
                },
                {
                    "ResourceName": "AWSEBAutoScalingGroup",
                    "Namespace": "aws:autoscaling:updatepolicy:rollingupdate",
                    "OptionName": "Timeout",
                    "Value": "PT30M"
                },
                {
                    "Namespace": "aws:cloudformation:template:parameter",
                    "OptionName": "AppSource",
                    "Value": "https://elasticbeanstalk-platform-assets-eu-central-1.s3.eu-central-1.amazonaws.com/stalks/eb_nodejs20_amazon_linux_2023_1.0.1472.0_20251119002845/sampleapp/EBSampleApp-Nodejs.zip"
                },
                {
                    "Namespace": "aws:cloudformation:template:parameter",
                    "OptionName": "EnvironmentVariables",
                    "Value": "MONGODB_URI=mongodb+srv://rt_admin:RtAdmin2024@stagingrt.v2jnoh2.mongodb.net/symphonia?retryWrites=true&w=majority&appName=StagingRT,NODE_ENV=production"
                },
                {
                    "Namespace": "aws:cloudformation:template:parameter",
                    "OptionName": "HooksPkgUrl",
                    "Value": "https://elasticbeanstalk-platform-assets-eu-central-1.s3.eu-central-1.amazonaws.com/stalks/eb_nodejs20_amazon_linux_2023_1.0.1472.0_20251119002845/lib/hooks.tar.gz"
                },
                {
                    "Namespace": "aws:cloudformation:template:parameter",
                    "OptionName": "InstancePort",
                    "Value": "80"
                },
                {
                    "Namespace": "aws:cloudformation:template:parameter",
                    "OptionName": "InstanceTypeFamily",
                    "Value": "t3"
                },
                {
                    "Namespace": "aws:cloudformation:template:parameter",
                    "OptionName": "StaticFiles"
                },
                {
                    "Namespace": "aws:ec2:instances",
                    "OptionName": "EnableSpot",
                    "Value": "false"
                },
                {
                    "Namespace": "aws:ec2:instances",
                    "OptionName": "InstanceTypes",
                    "Value": "t3.micro"
                },
                {
                    "Namespace": "aws:ec2:instances",
                    "OptionName": "SpotAllocationStrategy",
                    "Value": "capacity-optimized"
                },
                {
                    "Namespace": "aws:ec2:instances",
                    "OptionName": "SpotFleetOnDemandAboveBasePercentage",
                    "Value": "0"
                },
                {
                    "Namespace": "aws:ec2:instances",
                    "OptionName": "SpotFleetOnDemandBase",
                    "Value": "0"
                },
                {
                    "Namespace": "aws:ec2:instances",
                    "OptionName": "SpotMaxPrice"
                },
                {
                    "Namespace": "aws:ec2:instances",
                    "OptionName": "SupportedArchitectures",
                    "Value": "x86_64"
                },
                {
                    "ResourceName": "AWSEBEC2LaunchTemplate",
                    "Namespace": "aws:ec2:vpc",
                    "OptionName": "AssociatePublicIpAddress"
                },
                {
                    "Namespace": "aws:ec2:vpc",
                    "OptionName": "ELBScheme",
                    "Value": "public"
                },
                {
                    "Namespace": "aws:ec2:vpc",
                    "OptionName": "ELBSubnets"
                },
                {
                    "ResourceName": "AWSEBAutoScalingGroup",
                    "Namespace": "aws:ec2:vpc",
                    "OptionName": "Subnets"
                },
                {
                    "ResourceName": "AWSEBSecurityGroup",
                    "Namespace": "aws:ec2:vpc",
                    "OptionName": "VPCId"
                },
                {
                    "Namespace": "aws:elasticbeanstalk:application",
                    "OptionName": "Application Healthcheck URL",
                    "Value": ""
                },
                {
                    "Namespace": "aws:elasticbeanstalk:application:environment",
                    "OptionName": "MONGODB_URI",
                    "Value": "mongodb+srv://rt_admin:RtAdmin2024@stagingrt.v2jnoh2.mongodb.net/symphonia?retryWrites=true&w=majority&appName=StagingRT"
                },
                {
                    "Namespace": "aws:elasticbeanstalk:application:environment",
                    "OptionName": "NODE_ENV",
                    "Value": "production"
                },
                {
                    "Namespace": "aws:elasticbeanstalk:cloudwatch:logs",
                    "OptionName": "DeleteOnTerminate",
                    "Value": "false"
                },
                {
                    "Namespace": "aws:elasticbeanstalk:cloudwatch:logs",
                    "OptionName": "RetentionInDays",
                    "Value": "7"
                },
                {
                    "Namespace": "aws:elasticbeanstalk:cloudwatch:logs",
                    "OptionName": "StreamLogs",
                    "Value": "false"
                },
                {
                    "Namespace": "aws:elasticbeanstalk:cloudwatch:logs:health",
                    "OptionName": "DeleteOnTerminate",
                    "Value": "false"
                },
                {
                    "Namespace": "aws:elasticbeanstalk:cloudwatch:logs:health",
                    "OptionName": "HealthStreamingEnabled",
                    "Value": "false"
                },
                {
                    "Namespace": "aws:elasticbeanstalk:cloudwatch:logs:health",
                    "OptionName": "RetentionInDays",
                    "Value": "7"
                },
                {
                    "Namespace": "aws:elasticbeanstalk:command",
                    "OptionName": "BatchSize",
                    "Value": "100"
                },
                {
                    "Namespace": "aws:elasticbeanstalk:command",
                    "OptionName": "BatchSizeType",
                    "Value": "Percentage"
                },
                {
                    "Namespace": "aws:elasticbeanstalk:command",
                    "OptionName": "DeploymentPolicy",
                    "Value": "AllAtOnce"
                },
                {
                    "Namespace": "aws:elasticbeanstalk:command",
                    "OptionName": "IgnoreHealthCheck",
                    "Value": "false"
                },
                {
                    "Namespace": "aws:elasticbeanstalk:command",
                    "OptionName": "Timeout",
                    "Value": "600"
                },
                {
                    "Namespace": "aws:elasticbeanstalk:control",
                    "OptionName": "DefaultSSHPort",
                    "Value": "22"
                },
                {
                    "Namespace": "aws:elasticbeanstalk:control",
                    "OptionName": "LaunchTimeout",
                    "Value": "0"
                },
                {
                    "Namespace": "aws:elasticbeanstalk:control",
                    "OptionName": "LaunchType",
                    "Value": "Migration"
                },
                {
                    "Namespace": "aws:elasticbeanstalk:control",
                    "OptionName": "RollbackLaunchOnFailure",
                    "Value": "false"
                },
                {
                    "Namespace": "aws:elasticbeanstalk:environment",
                    "OptionName": "EnvironmentType",
                    "Value": "SingleInstance"
                },
                {
                    "Namespace": "aws:elasticbeanstalk:environment",
                    "OptionName": "ExternalExtensionsS3Bucket"
                },
                {
                    "Namespace": "aws:elasticbeanstalk:environment",
                    "OptionName": "ExternalExtensionsS3Key"
                },
                {
                    "Namespace": "aws:elasticbeanstalk:environment",
                    "OptionName": "ServiceRole",
                    "Value": "AWSServiceRoleForElasticBeanstalk"
                },
                {
                    "Namespace": "aws:elasticbeanstalk:environment:proxy",
                    "OptionName": "ProxyServer",
                    "Value": "nginx"
                },
                {
                    "Namespace": "aws:elasticbeanstalk:healthreporting:system",
                    "OptionName": "ConfigDocument",
                    "Value": "{\"Version\":1,\"CloudWatchMetrics\":{\"Instance\":{\"CPUIrq\":null,\"LoadAverage5min\":null,\"ApplicationRequests5xx\":null,\"ApplicationRequests4xx\":null,\"CPUUser\":null,\"LoadAverage1min\":null,\"ApplicationLatencyP50\":null,\"CPUIdle\":null,\"InstanceHealth\":null,\"ApplicationLatencyP95\":null,\"ApplicationLatencyP85\":null,\"RootFilesystemUtil\":null,\"ApplicationLatencyP90\":null,\"CPUSystem\":null,\"ApplicationLatencyP75\":null,\"CPUSoftirq\":null,\"ApplicationLatencyP10\":null,\"ApplicationLatencyP99\":null,\"ApplicationRequestsTotal\":null,\"ApplicationLatencyP99.9\":null,\"ApplicationRequests3xx\":null,\"ApplicationRequests2xx\":null,\"CPUIowait\":null,\"CPUNice\":null},\"Environment\":{\"InstancesSevere\":null,\"InstancesDegraded\":null,\"ApplicationRequests5xx\":null,\"ApplicationRequests4xx\":null,\"ApplicationLatencyP50\":null,\"ApplicationLatencyP95\":null,\"ApplicationLatencyP85\":null,\"InstancesUnknown\":null,\"ApplicationLatencyP90\":null,\"InstancesInfo\":null,\"InstancesPending\":null,\"ApplicationLatencyP75\":null,\"ApplicationLatencyP10\":null,\"ApplicationLatencyP99\":null,\"ApplicationRequestsTotal\":null,\"InstancesNoData\":null,\"ApplicationLatencyP99.9\":null,\"ApplicationRequests3xx\":null,\"ApplicationRequests2xx\":null,\"InstancesOk\":null,\"InstancesWarning\":null}}}"
                },
                {
                    "Namespace": "aws:elasticbeanstalk:healthreporting:system",
                    "OptionName": "EnhancedHealthAuthEnabled",
                    "Value": "true"
                },
                {
                    "Namespace": "aws:elasticbeanstalk:healthreporting:system",
                    "OptionName": "HealthCheckSuccessThreshold",
                    "Value": "Ok"
                },
                {
                    "Namespace": "aws:elasticbeanstalk:healthreporting:system",
                    "OptionName": "SystemType",
                    "Value": "enhanced"
                },
                {
                    "Namespace": "aws:elasticbeanstalk:hostmanager",
                    "OptionName": "LogPublicationControl",
                    "Value": "false"
                },
                {
                    "Namespace": "aws:elasticbeanstalk:managedactions",
                    "OptionName": "ManagedActionsEnabled",
                    "Value": "false"
                },
                {
                    "Namespace": "aws:elasticbeanstalk:managedactions",
                    "OptionName": "PreferredStartTime"
                },
                {
                    "Namespace": "aws:elasticbeanstalk:managedactions",
                    "OptionName": "ServiceRoleForManagedUpdates",
                    "Value": ""
                },
                {
                    "Namespace": "aws:elasticbeanstalk:managedactions:platformupdate",
                    "OptionName": "InstanceRefreshEnabled",
                    "Value": "false"
                },
                {
                    "Namespace": "aws:elasticbeanstalk:managedactions:platformupdate",
                    "OptionName": "UpdateLevel"
                },
                {
                    "Namespace": "aws:elasticbeanstalk:monitoring",
                    "OptionName": "Automatically Terminate Unhealthy Instances",
                    "Value": "true"
                },
                {
                    "Namespace": "aws:elasticbeanstalk:sns:topics",
                    "OptionName": "Notification Endpoint"
                },
                {
                    "Namespace": "aws:elasticbeanstalk:sns:topics",
                    "OptionName": "Notification Protocol",
                    "Value": "email"
                },
                {
                    "Namespace": "aws:elasticbeanstalk:sns:topics",
                    "OptionName": "Notification Topic ARN"
                },
                {
                    "Namespace": "aws:elasticbeanstalk:sns:topics",
                    "OptionName": "Notification Topic Name"
                },
                {
                    "Namespace": "aws:elasticbeanstalk:xray",
                    "OptionName": "XRayEnabled",
                    "Value": "false"
                },
                {
                    "Namespace": "aws:rds:dbinstance",
                    "OptionName": "HasCoupledDatabase",
                    "Value": "false"
                }
            ]
        }
    ]
}
