{"success":true,"total":180,"limit":5,"skip":0,"orders":[{"_id":"69778af7ee4b96953f06679f","externalSource":"dashdoc","externalId":"019bfaf6-b39f-72a2-9955-f159013baaba","_raw":{"shape":"simple","isOrder":false,"businessPrivacy":false},"cargo":[{"description":"Alimentaire ","category":"pallets","quantity":32,"weight":13718.1,"weightUnit":"kilogram","volume":null,"volumeUnit":"m3","linearMeters":null,"isDangerous":false,"isRefrigerated":false,"temperature":"","temperatureUnit":"celsius","adrCode":""}],"carrier":{"externalId":3802458,"name":"SARL SETT TRANSPORTS","siret":"35067556700050","vatNumber":"FR21350675567","phone":"+33476047111","address":{"street":"1088 Av. Jean François Champollion","city":"Pontcharra","postalCode":"38530","country":"FR"}},"createdAt":"2026-01-26T15:40:30.549266Z","creationMethod":"web_app","delivery":{"address":{"name":"CARREFOUR NIMES 2 FS 794","street":"ZAC MITRA PROCHE AEROPORT NIMES","city":"Saint-Gilles","postalCode":"30800","country":"FR","location":{"type":"Point","coordinates":[4.4226,43.70457]}},"contact":{"name":null,"phone":null},"scheduledAt":"2026-02-02T11:00:00+00:00","scheduledEnd":"2026-02-02T11:00:00+00:00","instructions":"","reference":""},"documents":[{"externalId":41617624,"category":"ldv","name":"National bill of lading","fileUrl":"https://www.dashdoc.eu/api/v4/delivery-documents/019bfaf6-b412-7262-ac49-d1282c24e8cc/","createdAt":"2026-01-26T15:43:03.042441Z"}],"globalStatus":"accepted","inviteCode":"LWGKZC2AJ","metrics":{"estimatedDistance":267.07,"carbonFootprint":977.396346043293},"organizationId":null,"parentTransportId":null,"pickup":{"address":{"name":"RHENUS LOGISTICS FRANCE","street":"19 RUE DES GARINES","city":"SAINT QUENTIN FALLAVIER","postalCode":"38070","country":"FR","location":{"type":"Point","coordinates":[5.12471,45.65426]}},"contact":{"name":null,"phone":null},"scheduledAt":"2026-01-30T13:00:00+00:00","scheduledEnd":"2026-01-30T13:00:00+00:00","instructions":"","reference":"702682509;AB6421;OT0150006"},"pricing":{"totalPrice":637,"agreedPrice":null,"invoicedPrice":637,"currency":"EUR"},"remoteId":"","sequentialId":32106572,"status":"CONFIRMED","syncedAt":"2026-01-26T20:44:36.926Z","tmsConnectionId":"696f9a5b2455eab0903778f6","trackingId":"XXXXXX-XXXXXX","updatedAt":"2026-01-26T15:43:27.144431Z","tags":[{"pk":97147,"name":"ECHANGE PAL","color":"#FAC938","tag_group_id":943},{"pk":97800,"name":"EXPLOITATION","color":"#25B9E6","tag_group_id":977}]},{"_id":"6977804dee4b96953f06679b","externalId":"019bfacc-cfaf-73e0-a6d9-fcca5c8f61b2","externalSource":"dashdoc","_raw":{"shape":"simple","isOrder":true,"businessPrivacy":false},"cargo":[{"description":"FINISHED GOODS","category":"pallets","quantity":27,"weight":28878.5,"weightUnit":"kilogram","volume":162.5,"volumeUnit":"m3","linearMeters":null,"isDangerous":false,"isRefrigerated":false,"temperature":"","temperatureUnit":"celsius","adrCode":""}],"carrier":{"externalId":4221529,"name":"TRANSMAS","siret":"379 311 111 00023","vatNumber":"FR58379311111","phone":"+33608955731","address":{"street":"10 Rue des Charmilles","city":"Saint-Just-Saint-Rambert","postalCode":"42170","country":"FR"}},"createdAt":"2026-01-26T14:54:45.198366Z","creationMethod":"web_app","delivery":{"address":{"name":"ITM ETB SAINT BONNET LES OULES ITM ALIMENTAIRE INTERNATIONAL","street":"327, ZA DE LAPRA","city":"SAINT BONNET LES OULES","postalCode":"42330","country":"FR","location":{"type":"Point","coordinates":[4.32033,45.53609]}},"contact":{"name":null,"phone":null},"scheduledAt":"2026-02-02T12:59:00+00:00","scheduledEnd":"2026-02-02T13:59:00+00:00","instructions":"","reference":"0002241212"},"documents":[{"externalId":41611397,"category":"chc","name":"Charter confirmation","fileUrl":"https://www.dashdoc.eu/api/v4/delivery-documents/019bfacc-cff0-77cf-bf9b-4e1690a6eab9/","createdAt":"2026-01-26T14:55:05.615222Z"},{"externalId":41611396,"category":"ldv","name":"National bill of lading","fileUrl":"https://www.dashdoc.eu/api/v4/delivery-documents/019bfacc-cfef-7373-a7c0-bc3a36954c7a/","createdAt":"2026-01-26T14:55:04.134507Z"}],"globalStatus":"accepted","inviteCode":"WSNNHY5P5","metrics":{"estimatedDistance":91.54,"carbonFootprint":705.24039475631},"organizationId":null,"parentTransportId":"019bf96b-6162-7ec8-a565-fb65f6cc9810","pickup":{"address":{"name":"DHL Saint Quentin Fallavier (Lyon)","street":"27 Avenue des Arrivaux","city":"Saint-Quentin-Fallavier","postalCode":"38070","country":"FR","location":{"type":"Point","coordinates":[5.11627,45.64225]}},"contact":{"name":"KRONENBOURG SUPPLY COMPANY","phone":"+33388274488"},"scheduledAt":"2026-01-30T16:00:00+00:00","scheduledEnd":"2026-01-30T16:30:00+00:00","instructions":"","reference":"F012;101916513"},"pricing":{"totalPrice":250,"agreedPrice":250,"invoicedPrice":250,"currency":"EUR"},"remoteId":"","sequentialId":32102141,"status":"CONFIRMED","syncedAt":"2026-01-26T20:44:36.977Z","tmsConnectionId":"696f9a5b2455eab0903778f6","trackingId":"XXXXXX-XXXXXX","updatedAt":"2026-01-26T15:48:20.115577Z","tags":[]},{"_id":"69779001ee4b96953f0667a1","externalId":"019bfb09-f9d4-775d-a610-db307b3933a9","externalSource":"dashdoc","_raw":{"shape":"simple","isOrder":false,"businessPrivacy":false},"cargo":[{"description":"PAL(palette perdue)","category":"pallets","quantity":374,"weight":7854,"weightUnit":"kilogram","volume":null,"volumeUnit":"m3","linearMeters":13.6,"isDangerous":false,"isRefrigerated":false,"temperature":"","temperatureUnit":"celsius","adrCode":""}],"carrier":{"externalId":3802458,"name":"SARL SETT TRANSPORTS","siret":"35067556700050","vatNumber":"FR21350675567","phone":"+33476047111","address":{"street":"1088 Av. Jean François Champollion","city":"Pontcharra","postalCode":"38530","country":"FR"}},"createdAt":"2026-01-26T16:01:33.682319Z","creationMethod":"web_app","delivery":{"address":{"name":"JPJ PALETTES","street":"26 AVENUE MARIE CURIE","city":"ST MARTIN DE CRAU","postalCode":"13310","country":"FR","location":{"type":"Point","coordinates":[4.78386,43.6245]}},"contact":{"name":null,"phone":null},"scheduledAt":"2026-01-30T06:30:00+00:00","scheduledEnd":"2026-01-30T09:00:00+00:00","instructions":"","reference":"21954971/3476;3724138;C260045481"},"documents":[{"externalId":41620959,"category":"ldv","name":"National bill of lading","fileUrl":"https://www.dashdoc.eu/api/v4/delivery-documents/019bfb09-fa0b-76e3-955f-5a9b9bf447a0/","createdAt":"2026-01-26T16:01:46.117268Z"}],"globalStatus":"accepted","inviteCode":"V7JPQM2CD","metrics":{"estimatedDistance":342.55,"carbonFootprint":717.7389402183001},"organizationId":null,"parentTransportId":null,"pickup":{"address":{"name":"E2SE EMBALLAGE","street":"ZI DE CHAVANON LA CROIX ST MARTIN","city":"MONISTROL SUR LOIRE","postalCode":"43120","country":"FR","location":{"type":"Point","coordinates":[4.19613,45.2703]}},"contact":{"name":null,"phone":null},"scheduledAt":"2026-01-29T07:00:00+00:00","scheduledEnd":"2026-01-29T14:00:00+00:00","instructions":"","reference":"21954971/3476;3724138;C260045481"},"pricing":{"totalPrice":650,"agreedPrice":null,"invoicedPrice":650,"currency":"EUR"},"remoteId":"","sequentialId":32108626,"status":"CONFIRMED","syncedAt":"2026-01-26T20:44:36.901Z","tmsConnectionId":"696f9a5b2455eab0903778f6","trackingId":"XXXXXX-XXXXXX","updatedAt":"2026-01-26T16:01:57.192175Z","tags":[]},{"_id":"69773ee9ee4b96953f06674b","externalId":"019bf9cd-3137-78e1-9d4a-1f6c90102cea","externalSource":"dashdoc","_raw":{"shape":"simple","isOrder":false,"businessPrivacy":false},"cargo":[{"description":"MATERIEL ELECTRIC","category":"pallets","quantity":null,"weight":null,"weightUnit":"kilogram","volume":null,"volumeUnit":"m3","linearMeters":null,"isDangerous":false,"isRefrigerated":false,"temperature":"","temperatureUnit":"celsius","adrCode":""}],"carrier":{"externalId":3802458,"name":"SARL SETT TRANSPORTS","siret":"35067556700050","vatNumber":"FR21350675567","phone":"+33476047111","address":{"street":"1088 Av. Jean François Champollion","city":"Pontcharra","postalCode":"38530","country":"FR"}},"createdAt":"2026-01-26T10:15:32.938187Z","creationMethod":"duplication","delivery":{"address":{"name":"NEW LOG","street":"ZAC Chesnes Nord, 22 Rue Garinnes,","city":"Saint-Quentin-Fallavier","postalCode":"38070","country":"FR","location":{"type":"Point","coordinates":[5.123873981914829,45.6534382190252]}},"contact":{"name":"NEWLOG Groupe SCHNEIDER ELECTRIC","phone":""},"scheduledAt":null,"scheduledEnd":null,"instructions":"","reference":""},"documents":[{"externalId":41580551,"category":"ldv","name":"National bill of lading","fileUrl":"https://www.dashdoc.eu/api/v4/delivery-documents/019bf9cd-31f1-7dc8-8d2d-6c41e338420d/","createdAt":"2026-01-26T10:16:11.988816Z"}],"globalStatus":"done","inviteCode":null,"metrics":{"estimatedDistance":4,"carbonFootprint":null},"organizationId":null,"parentTransportId":null,"pickup":{"address":{"name":"RT LOG SQF","street":"25 Rue du Mollaret","city":"Saint-Quentin-Fallavier","postalCode":"38070","country":"FR","location":{"type":"Point","coordinates":[5.108506312006653,45.64922572993117]}},"contact":{"name":null,"phone":null},"scheduledAt":null,"scheduledEnd":null,"instructions":"","reference":""},"pricing":{"totalPrice":180,"agreedPrice":null,"invoicedPrice":180,"currency":"EUR"},"remoteId":"","sequentialId":32080389,"status":"COMPLETED","syncedAt":"2026-01-26T10:40:09.782Z","tmsConnectionId":"696f9a5b2455eab0903778f6","trackingId":"XXXXXX-XXXXXX","updatedAt":"2026-01-26T10:16:23.292414Z"},{"_id":"69778c22ee4b96953f0667a0","externalId":"019bfafa-dc2d-7a8c-aa63-268ccd46ced1","externalSource":"dashdoc","_raw":{"shape":"simple","isOrder":false,"businessPrivacy":false},"cargo":[],"carrier":{"externalId":3802458,"name":"SARL SETT TRANSPORTS","siret":"35067556700050","vatNumber":"FR21350675567","phone":"+33476047111","address":{"street":"1088 Av. Jean François Champollion","city":"Pontcharra","postalCode":"38530","country":"FR"}},"createdAt":"2026-01-26T15:45:03.041679Z","creationMethod":"duplication","delivery":{"address":{"name":"PURFLUX FILTRATION SAS","street":"22 avenue gustave bessiere","city":"Marcillac-Vallon","postalCode":"12330","country":"FR","location":{"type":"Point","coordinates":[2.45936,44.47534]}},"contact":{"name":null,"phone":null},"scheduledAt":"2026-01-29T23:00:00+00:00","scheduledEnd":"2026-01-30T22:59:00+00:00","instructions":"","reference":""},"documents":[{"externalId":41618245,"category":"ldv","name":"National bill of lading","fileUrl":"https://www.dashdoc.eu/api/v4/delivery-documents/019bfafa-dcf9-771d-8381-ccda537bd13b/","createdAt":"2026-01-26T15:46:17.463486Z"}],"globalStatus":"accepted","inviteCode":"JMLSF2MW6","metrics":{"estimatedDistance":451.34,"carbonFootprint":null},"organizationId":null,"parentTransportId":null,"pickup":{"address":{"name":"ARCELORMITTAL PONTCHARRA","street":"133 Rue Jacques Vaucanson","city":"Pontcharra","postalCode":"38530","country":"FR","location":{"type":"Point","coordinates":[6.00617,45.42667]}},"contact":{"name":null,"phone":null},"scheduledAt":"2026-01-29T07:00:00+00:00","scheduledEnd":"2026-01-29T07:00:00+00:00","instructions":"Merci de bien renseigner sur vos CMR les heures d'arrivée et départ sur sites de chargement ainsi que livraison svp !!","reference":"289178 - 21"},"pricing":{"totalPrice":1000,"agreedPrice":null,"invoicedPrice":1000,"currency":"EUR"},"remoteId":"","sequentialId":32107027,"status":"CONFIRMED","syncedAt":"2026-01-26T20:44:36.913Z","tmsConnectionId":"696f9a5b2455eab0903778f6","trackingId":"XXXXXX-XXXXXX","updatedAt":"2026-01-26T15:47:42.289354Z","tags":[{"pk":97802,"name":"AFFRETEMENT","color":"#FA9538","tag_group_id":977}]}]}