{"success":true,"total":2,"limit":10,"skip":0,"orders":[{"_id":"6977d951ee4b96953f0667a5","externalId":"019be5f3-cf8f-7977-a272-096bfe6ee91f","_raw":{"shape":"complex","isOrder":false,"businessPrivacy":false},"cargo":[{"description":".","category":"pallets","quantity":2,"weight":2191.78,"weightUnit":"kilogram","volume":null,"volumeUnit":"m3","linearMeters":null,"isDangerous":false,"isRefrigerated":false,"temperature":"","temperatureUnit":"celsius","adrCode":""}],"carrier":{"externalId":3802458,"name":"SARL SETT TRANSPORTS","siret":"35067556700050","vatNumber":"FR21350675567","phone":"+33476047111","address":{"street":"1088 Av. Jean François Champollion","city":"Pontcharra","postalCode":"38530","country":"FR"}},"createdAt":"2026-01-22T13:45:19.544714Z","creationMethod":"web_app","delivery":{"address":{"name":"LOGIDIS ENTR SALON PVCE EPICERIE 014","street":"ZI DE LA CRAU","city":"SALON DE PROVENCE","postalCode":"13300","country":"FR","location":{"type":"Point","coordinates":[5.05138,43.63904]}},"contact":{"name":null,"phone":null},"scheduledAt":"2026-01-29T12:00:00+00:00","scheduledEnd":"2026-01-29T12:00:00+00:00","instructions":"","reference":""},"documents":[{"externalId":41439582,"category":"ldv","name":"National bill of lading","fileUrl":"https://www.dashdoc.eu/api/v4/delivery-documents/019be5f3-cff2-7bc2-8f8f-0311e04c4882/","createdAt":"2026-01-22T13:50:43.363449Z"},{"externalId":41439583,"category":"ldv","name":"National bill of lading","fileUrl":"https://www.dashdoc.eu/api/v4/delivery-documents/019be5f3-cff3-788c-bee9-19ba5700c7a8/","createdAt":"2026-01-22T13:50:44.754010Z"}],"externalSource":"dashdoc","globalStatus":"accepted","inviteCode":"5LZ8SVBUB","metrics":{"estimatedDistance":274.75,"carbonFootprint":1985.5765872754173},"parentTransportId":null,"pickup":{"address":{"name":"DHL Saint Quentin Fallavier (Lyon)","street":"27 Avenue des Arrivaux","city":"Saint-Quentin-Fallavier","postalCode":"38070","country":"FR","location":{"type":"Point","coordinates":[5.11627,45.64225]}},"contact":{"name":"KRONENBOURG SUPPLY COMPANY","phone":"+33388274488"},"scheduledAt":"2026-01-28T13:30:00+00:00","scheduledEnd":"2026-01-28T13:30:00+00:00","instructions":"","reference":"05425002"},"pricing":{"totalPrice":596.82,"agreedPrice":null,"invoicedPrice":596.82,"currency":"EUR"},"remoteId":"","sequentialId":31981344,"status":"CONFIRMED","tags":[{"pk":97800,"name":"EXPLOITATION","color":"#25B9E6","tag_group_id":977},{"pk":126835,"name":"Symphonia","color":"#934EF4","tag_group_id":null}],"trackingId":"XXXXXX-XXXXXX","updatedAt":"2026-01-26T16:09:42.213150Z"},{"_id":"69785f53ee4b96953f0667a6","externalId":"019b4fe3-42cf-7d3d-8df8-ada166e5e404","_raw":{"shape":"simple","isOrder":false,"businessPrivacy":false},"cargo":[{"description":"Various goods from multiple suppliers","category":"pallets","quantity":31,"weight":null,"weightUnit":"kilogram","volume":null,"volumeUnit":"m3","linearMeters":null,"isDangerous":false,"isRefrigerated":false,"temperature":"","temperatureUnit":"celsius","adrCode":""}],"carrier":{"externalId":3802458,"name":"SARL SETT TRANSPORTS","siret":"35067556700050","vatNumber":"FR21350675567","phone":"+33476047111","address":{"street":"1088 Av. Jean François Champollion","city":"Pontcharra","postalCode":"38530","country":"FR"}},"createdAt":"2025-12-24T10:24:12.516771Z","creationMethod":"duplication","delivery":{"address":{"name":"CSF FRANCE","street":"ZI JACCA AL E MARCEL","city":"COLOMIERS","postalCode":"31770","country":"FR","location":{"type":"Point","coordinates":[1.31535,43.59747]}},"contact":{"name":null,"phone":null},"scheduledAt":"2026-01-29T09:00:00+00:00","scheduledEnd":"2026-01-29T09:00:00+00:00","instructions":"","reference":""},"documents":[{"externalId":40273069,"category":"ldv","name":"National bill of lading","fileUrl":"https://www.dashdoc.eu/api/v4/delivery-documents/019b4fe3-4399-761d-98af-239ad5ba1e9f/","createdAt":"2026-01-26T11:29:45.502988Z"}],"externalSource":"dashdoc","globalStatus":"accepted","inviteCode":"2K2KYPBUM","metrics":{"estimatedDistance":388.43,"carbonFootprint":null},"parentTransportId":null,"pickup":{"address":{"name":"ID LOGISTICS BOLLENE","street":"Route de Lapalud","city":"Bollène","postalCode":"84500","country":"FR","location":{"type":"Point","coordinates":[4.720687603735777,44.297192925073496]}},"contact":{"name":"LOGIDIS COMPTOIRS MODERNES","phone":"+33160913560"},"scheduledAt":"2026-01-28T14:00:00+00:00","scheduledEnd":"2026-01-28T14:00:00+00:00","instructions":"","reference":"19441429;08606360"},"pricing":{"totalPrice":699,"agreedPrice":null,"invoicedPrice":699,"currency":"EUR"},"remoteId":"","sequentialId":31145855,"status":"CONFIRMED","tags":[{"pk":97802,"name":"AFFRETEMENT","color":"#FA9538","tag_group_id":977},{"pk":74088,"name":"AFFRET IA","color":"#12B2B2","tag_group_id":null},{"pk":97147,"name":"ECHANGE PAL","color":"#FAC938","tag_group_id":943},{"pk":126835,"name":"Symphonia","color":"#934EF4","tag_group_id":null}],"trackingId":"XXXXXX-XXXXXX","updatedAt":"2026-01-26T16:09:57.216777Z"}]}