{"success":true,"syncLogId":"6977d4cd68674e1edb322129","startedAt":"2026-01-26T20:55:41.434Z","counters":{"transports":{"to_approve":0,"to_plan":68,"to_plan_alert":false,"to_send_to_trucker":38,"ongoing":494,"done_or_cancelled":709,"billed_or_billable":13990,"total_action_needed":106},"orders":{"to_assign_or_declined":1,"to_assign_or_declined_alert":false,"to_send_to_carrier":4,"awaiting_carrier_confirmation":324,"ongoing":131,"checked":5587,"done_or_cancelled":7759,"total_action_needed":5},"site_operations":{}},"transports":{"count":20,"synced":20,"errors":[],"data":[{"externalId":"019bfb20-faa4-77d3-9a45-7f5d2a860dc4","externalSource":"dashdoc","sequentialId":32110833,"inviteCode":"BCT5QPAP6","remoteId":"","status":"DRAFT","globalStatus":"ordered","creationMethod":"web_app","createdAt":"2026-01-26T16:26:41.206244Z","updatedAt":"2026-01-26T16:27:12.285249Z","pickup":{"address":{"name":"DEPOT ST GEORGES D'ESPERANCHE (DHL)","street":"25 Route de Saint-Just","city":"Saint-Georges-d'Espéranche","postalCode":"38790","country":"FR","location":{"type":"Point","coordinates":[5.05395,45.58464]}},"contact":{},"scheduledAt":"2026-01-26T14:00:00+00:00","scheduledEnd":"2026-01-26T14:00:00+00:00","instructions":"UTILISATION APPLICATION TRAVIS OBLIGATOIRE !! \nÀ défaut d'utilisation toute pénalité imputée engagera votre responsabilité et sera déduite de votre facture.","reference":"19436039"},"delivery":{"address":{"name":"CRF LYON PART DIEU 69","street":"PART DIEU","city":"Lyon","postalCode":"69003","country":"FR","location":{"type":"Point","coordinates":[4.8473,45.75956]}},"contact":{},"scheduledAt":"2026-01-27T00:30:00+00:00","scheduledEnd":"2026-01-27T00:30:00+00:00","instructions":"","reference":""},"cargo":[{"description":"Alimentaire","category":"pallets","quantity":29,"weight":18780,"weightUnit":"kilogram","volume":null,"volumeUnit":"m3","linearMeters":null,"isDangerous":false,"isRefrigerated":false,"temperature":"","temperatureUnit":"celsius","adrCode":""}],"carrier":{"externalId":3991213,"name":"MENIER TRANSPORTS","siret":"89823001600021","vatNumber":"FR87898230016","phone":"+33678378662","address":{"street":"4 RUE DU 11 NOVEMBRE","city":"Saint-Priest","postalCode":"69800","country":"FR"}},"pricing":{"totalPrice":null,"agreedPrice":300,"invoicedPrice":null,"currency":"EUR"},"metrics":{"estimatedDistance":145.21,"carbonFootprint":null},"documents":[{"externalId":41623908,"category":"chc","name":"Charter confirmation","fileUrl":"https://www.dashdoc.eu/api/v4/delivery-documents/019bfb20-facd-70d2-a2ae-b84c222d09f3/","createdAt":"2026-01-26T16:27:01.341025Z"},{"externalId":41623906,"category":"ldv","name":"National bill of lading","fileUrl":"https://www.dashdoc.eu/api/v4/delivery-documents/019bfb20-facb-7763-a966-d00a29e91238/","createdAt":"2026-01-26T16:26:58.887836Z"},{"externalId":41623907,"category":"ldv","name":"National bill of lading","fileUrl":"https://www.dashdoc.eu/api/v4/delivery-documents/019bfb20-facc-7acc-9dca-a56ea874ddbd/","createdAt":"2026-01-26T16:27:00.126769Z"}],"trackingId":"XXXXXX-XXXXXX","parentTransportId":"019bf643-aad6-7e23-b8cc-cfb1c16d47c6","tags":[],"_raw":{"shape":"ungrouping","isOrder":true,"businessPrivacy":false}},{"externalId":"019bfb09-f9d4-775d-a610-db307b3933a9","externalSource":"dashdoc","sequentialId":32108626,"inviteCode":"V7JPQM2CD","remoteId":"","status":"CONFIRMED","globalStatus":"accepted","creationMethod":"web_app","createdAt":"2026-01-26T16:01:33.682319Z","updatedAt":"2026-01-26T16:01:57.192175Z","pickup":{"address":{"name":"E2SE EMBALLAGE","street":"ZI DE CHAVANON LA CROIX ST MARTIN","city":"MONISTROL SUR LOIRE","postalCode":"43120","country":"FR","location":{"type":"Point","coordinates":[4.19613,45.2703]}},"contact":{},"scheduledAt":"2026-01-29T07:00:00+00:00","scheduledEnd":"2026-01-29T14:00:00+00:00","instructions":"","reference":"21954971/3476;3724138;C260045481"},"delivery":{"address":{"name":"JPJ PALETTES","street":"26 AVENUE MARIE CURIE","city":"ST MARTIN DE CRAU","postalCode":"13310","country":"FR","location":{"type":"Point","coordinates":[4.78386,43.6245]}},"contact":{},"scheduledAt":"2026-01-30T06:30:00+00:00","scheduledEnd":"2026-01-30T09:00:00+00:00","instructions":"","reference":"21954971/3476;3724138;C260045481"},"cargo":[{"description":"PAL(palette perdue)","category":"pallets","quantity":374,"weight":7854,"weightUnit":"kilogram","volume":null,"volumeUnit":"m3","linearMeters":13.6,"isDangerous":false,"isRefrigerated":false,"temperature":"","temperatureUnit":"celsius","adrCode":""}],"carrier":{"externalId":3802458,"name":"SARL SETT TRANSPORTS","siret":"35067556700050","vatNumber":"FR21350675567","phone":"+33476047111","address":{"street":"1088 Av. Jean François Champollion","city":"Pontcharra","postalCode":"38530","country":"FR"}},"pricing":{"totalPrice":650,"agreedPrice":null,"invoicedPrice":650,"currency":"EUR"},"metrics":{"estimatedDistance":342.55,"carbonFootprint":717.7389402183001},"documents":[{"externalId":41620959,"category":"ldv","name":"National bill of lading","fileUrl":"https://www.dashdoc.eu/api/v4/delivery-documents/019bfb09-fa0b-76e3-955f-5a9b9bf447a0/","createdAt":"2026-01-26T16:01:46.117268Z"}],"trackingId":"XXXXXX-XXXXXX","tags":[],"_raw":{"shape":"simple","isOrder":false,"businessPrivacy":false}},{"externalId":"019bfafa-dc2d-7a8c-aa63-268ccd46ced1","externalSource":"dashdoc","sequentialId":32107027,"inviteCode":"JMLSF2MW6","remoteId":"","status":"CONFIRMED","globalStatus":"accepted","creationMethod":"duplication","createdAt":"2026-01-26T15:45:03.041679Z","updatedAt":"2026-01-26T15:47:42.289354Z","pickup":{"address":{"name":"ARCELORMITTAL PONTCHARRA","street":"133 Rue Jacques Vaucanson","city":"Pontcharra","postalCode":"38530","country":"FR","location":{"type":"Point","coordinates":[6.00617,45.42667]}},"contact":{},"scheduledAt":"2026-01-29T07:00:00+00:00","scheduledEnd":"2026-01-29T07:00:00+00:00","instructions":"Merci de bien renseigner sur vos CMR les heures d'arrivée et départ sur sites de chargement ainsi que livraison svp !!","reference":"289178 - 21"},"delivery":{"address":{"name":"PURFLUX FILTRATION SAS","street":"22 avenue gustave bessiere","city":"Marcillac-Vallon","postalCode":"12330","country":"FR","location":{"type":"Point","coordinates":[2.45936,44.47534]}},"contact":{},"scheduledAt":"2026-01-29T23:00:00+00:00","scheduledEnd":"2026-01-30T22:59:00+00:00","instructions":"","reference":""},"cargo":[],"carrier":{"externalId":3802458,"name":"SARL SETT TRANSPORTS","siret":"35067556700050","vatNumber":"FR21350675567","phone":"+33476047111","address":{"street":"1088 Av. Jean François Champollion","city":"Pontcharra","postalCode":"38530","country":"FR"}},"pricing":{"totalPrice":1000,"agreedPrice":null,"invoicedPrice":1000,"currency":"EUR"},"metrics":{"estimatedDistance":451.34,"carbonFootprint":null},"documents":[{"externalId":41618245,"category":"ldv","name":"National bill of lading","fileUrl":"https://www.dashdoc.eu/api/v4/delivery-documents/019bfafa-dcf9-771d-8381-ccda537bd13b/","createdAt":"2026-01-26T15:46:17.463486Z"}],"trackingId":"XXXXXX-XXXXXX","tags":[{"pk":97802,"name":"AFFRETEMENT","color":"#FA9538","tag_group_id":977}],"_raw":{"shape":"simple","isOrder":false,"businessPrivacy":false}},{"externalId":"019bfaf6-b39f-72a2-9955-f159013baaba","externalSource":"dashdoc","sequentialId":32106572,"inviteCode":"LWGKZC2AJ","remoteId":"","status":"CONFIRMED","globalStatus":"accepted","creationMethod":"web_app","createdAt":"2026-01-26T15:40:30.549266Z","updatedAt":"2026-01-26T15:43:27.144431Z","pickup":{"address":{"name":"RHENUS LOGISTICS FRANCE","street":"19 RUE DES GARINES","city":"SAINT QUENTIN FALLAVIER","postalCode":"38070","country":"FR","location":{"type":"Point","coordinates":[5.12471,45.65426]}},"contact":{},"scheduledAt":"2026-01-30T13:00:00+00:00","scheduledEnd":"2026-01-30T13:00:00+00:00","instructions":"","reference":"702682509;AB6421;OT0150006"},"delivery":{"address":{"name":"CARREFOUR NIMES 2 FS 794","street":"ZAC MITRA PROCHE AEROPORT NIMES","city":"Saint-Gilles","postalCode":"30800","country":"FR","location":{"type":"Point","coordinates":[4.4226,43.70457]}},"contact":{},"scheduledAt":"2026-02-02T11:00:00+00:00","scheduledEnd":"2026-02-02T11:00:00+00:00","instructions":"","reference":""},"cargo":[{"description":"Alimentaire ","category":"pallets","quantity":32,"weight":13718.1,"weightUnit":"kilogram","volume":null,"volumeUnit":"m3","linearMeters":null,"isDangerous":false,"isRefrigerated":false,"temperature":"","temperatureUnit":"celsius","adrCode":""}],"carrier":{"externalId":3802458,"name":"SARL SETT TRANSPORTS","siret":"35067556700050","vatNumber":"FR21350675567","phone":"+33476047111","address":{"street":"1088 Av. Jean François Champollion","city":"Pontcharra","postalCode":"38530","country":"FR"}},"pricing":{"totalPrice":637,"agreedPrice":null,"invoicedPrice":637,"currency":"EUR"},"metrics":{"estimatedDistance":267.07,"carbonFootprint":977.396346043293},"documents":[{"externalId":41617624,"category":"ldv","name":"National bill of lading","fileUrl":"https://www.dashdoc.eu/api/v4/delivery-documents/019bfaf6-b412-7262-ac49-d1282c24e8cc/","createdAt":"2026-01-26T15:43:03.042441Z"}],"trackingId":"XXXXXX-XXXXXX","tags":[{"pk":97147,"name":"ECHANGE PAL","color":"#FAC938","tag_group_id":943},{"pk":97800,"name":"EXPLOITATION","color":"#25B9E6","tag_group_id":977}],"_raw":{"shape":"simple","isOrder":false,"businessPrivacy":false}},{"externalId":"019bfad8-d01e-73e1-91f3-9c605176e6c8","externalSource":"dashdoc","sequentialId":32103520,"inviteCode":"VYTJ8AWU5","remoteId":"","status":"DRAFT","globalStatus":"ordered","creationMethod":"web_app","createdAt":"2026-01-26T15:07:51.730001Z","updatedAt":"2026-01-26T15:08:22.055251Z","pickup":{"address":{"name":"DHL Saint Quentin Fallavier (Lyon)","street":"27 Avenue des Arrivaux","city":"Saint-Quentin-Fallavier","postalCode":"38070","country":"FR","location":{"type":"Point","coordinates":[5.11627,45.64225]}},"contact":{"name":"KRONENBOURG SUPPLY COMPANY","phone":"+33388274488"},"scheduledAt":"2026-01-28T13:00:00+00:00","scheduledEnd":"2026-01-28T13:30:00+00:00","instructions":"","reference":"F012;101914701"},"delivery":{"address":{"name":"LCM SALON DE PROVENCE","street":"Avenue Gabriel Voisin","city":"Salon-de-Provence","postalCode":"13300","country":"FR","location":{"type":"Point","coordinates":[5.045599937438966,43.638295865211134]}},"contact":{},"scheduledAt":"2026-01-29T06:00:00+00:00","scheduledEnd":"2026-01-29T07:00:00+00:00","instructions":"","reference":"0001349118"},"cargo":[{"description":"FINISHED GOODS","category":"FINISHED GOODS","quantity":2575,"weight":27580.9,"weightUnit":"kilogram","volume":195.8,"volumeUnit":"m3","linearMeters":null,"isDangerous":false,"isRefrigerated":false,"temperature":"","temperatureUnit":"celsius","adrCode":""}],"carrier":{"externalId":6259257,"name":"MY LOGISTICS","siret":"93877645700013","vatNumber":"FR52938776457","phone":"","address":{"street":"13 Avenue d'Aygu","city":"Montélimar","postalCode":"26200","country":"FR"}},"pricing":{"totalPrice":null,"agreedPrice":500,"invoicedPrice":null,"currency":"EUR"},"metrics":{"estimatedDistance":278.09,"carbonFootprint":2046.1875885086988},"documents":[{"externalId":41613313,"category":"ldv","name":"National bill of lading","fileUrl":"https://www.dashdoc.eu/api/v4/delivery-documents/019bfad8-d057-7368-a6b9-7e32c8299ce1/","createdAt":"2026-01-26T15:08:13.449797Z"},{"externalId":41613314,"category":"chc","name":"Charter confirmation","fileUrl":"https://www.dashdoc.eu/api/v4/delivery-documents/019bfad8-d058-7e41-9863-fdbe16794c8b/","createdAt":"2026-01-26T15:08:14.813747Z"}],"trackingId":"XXXXXX-XXXXXX","parentTransportId":"019bdc14-35ad-7f15-b91d-fc1e51438dfd","tags":[],"_raw":{"shape":"simple","isOrder":true,"businessPrivacy":false}},{"externalId":"019bfad4-9700-77aa-803f-b49fcd4a7a74","externalSource":"dashdoc","sequentialId":32103024,"inviteCode":"FE2WZGY4Q","remoteId":"","status":"DRAFT","globalStatus":"ordered","creationMethod":"web_app","createdAt":"2026-01-26T15:03:14.961573Z","updatedAt":"2026-01-26T15:03:40.018354Z","pickup":{"address":{"name":"SAEME - SOCIETE ANONYME DES EAUX MINERALES D EVIAN USINE D’AMPHION","street":"750 Rue des Vignes Rouges","city":"Publier","postalCode":"74500","country":"FR","location":{"type":"Point","coordinates":[6.5143775939941415,46.38956957573262]}},"contact":{"name":"SAEME SAS","phone":"+33659434506"},"scheduledAt":"2026-01-28T04:30:00+00:00","scheduledEnd":"2026-01-28T04:30:00+00:00","instructions":"Port de chaussure de sécurité et gillet OBLIGATOIRE sur tous site DANONE.\nVoir cahier des charges inclus","reference":"402770541"},"delivery":{"address":{"name":"RT LOG SQF","street":"25 Rue du Mollaret","city":"Saint-Quentin-Fallavier","postalCode":"38070","country":"FR","location":{"type":"Point","coordinates":[5.108506312006653,45.64922572993117]}},"contact":{},"scheduledAt":"2026-01-27T23:00:00+00:00","scheduledEnd":"2026-01-28T22:59:00+00:00","instructions":"","reference":""},"cargo":[{"description":"Boissons","category":"Boissons","quantity":1,"weight":26502,"weightUnit":"kilogram","volume":null,"volumeUnit":"m3","linearMeters":null,"isDangerous":false,"isRefrigerated":false,"temperature":"","temperatureUnit":"celsius","adrCode":""}],"carrier":{"externalId":4424204,"name":"TRANSPORTS MTK","siret":"88467034000022","vatNumber":"FR46884670340","phone":"+33778251406","address":{"street":"33 Quai Arloing","city":"Lyon","postalCode":"69009","country":"FR"}},"pricing":{"totalPrice":null,"agreedPrice":300,"invoicedPrice":null,"currency":"EUR"},"metrics":{"estimatedDistance":191.02,"carbonFootprint":1350.54522161916},"documents":[{"externalId":41612605,"category":"ldv","name":"National bill of lading","fileUrl":"https://www.dashdoc.eu/api/v4/delivery-documents/019bfad4-972e-7350-9a28-4f59e6300d44/","createdAt":"2026-01-26T15:03:26.241323Z"},{"externalId":41612606,"category":"chc","name":"Charter confirmation","fileUrl":"https://www.dashdoc.eu/api/v4/delivery-documents/019bfad4-972f-7405-8467-4cdc0573d072/","createdAt":"2026-01-26T15:03:27.613706Z"}],"trackingId":"XXXXXX-XXXXXX","parentTransportId":"019be121-8903-7369-a2c5-0122164486d4","tags":[],"_raw":{"shape":"simple","isOrder":true,"businessPrivacy":false}},{"externalId":"019bfacd-3e3c-772b-b30a-9935f71b7201","externalSource":"dashdoc","sequentialId":32102195,"inviteCode":"T735NUDNG","remoteId":"","status":"DRAFT","globalStatus":"ordered","creationMethod":"web_app","createdAt":"2026-01-26T14:55:13.494477Z","updatedAt":"2026-01-26T14:55:47.026262Z","pickup":{"address":{"name":"DHL Saint Quentin Fallavier (Lyon)","street":"27 Avenue des Arrivaux","city":"Saint-Quentin-Fallavier","postalCode":"38070","country":"FR","location":{"type":"Point","coordinates":[5.11627,45.64225]}},"contact":{"name":"KRONENBOURG SUPPLY COMPANY","phone":"+33388274488"},"scheduledAt":"2026-01-30T10:30:00+00:00","scheduledEnd":"2026-01-30T11:00:00+00:00","instructions":"","reference":"101915915"},"delivery":{"address":{"name":"ITM ETB SAINT BONNET LES OULES ITM ALIMENTAIRE INTERNATIONAL","street":"327, ZA DE LAPRA","city":"SAINT BONNET LES OULES","postalCode":"42330","country":"FR","location":{"type":"Point","coordinates":[4.32033,45.53609]}},"contact":{},"scheduledAt":"2026-01-30T12:59:00+00:00","scheduledEnd":"2026-01-30T13:59:00+00:00","instructions":"","reference":""},"cargo":[{"description":"FINISHED GOODS","category":"FINISHED GOODS","quantity":2580,"weight":27412.5,"weightUnit":"kilogram","volume":178.6,"volumeUnit":"m3","linearMeters":null,"isDangerous":false,"isRefrigerated":false,"temperature":"","temperatureUnit":"celsius","adrCode":""}],"carrier":{"externalId":3971925,"name":"CHALAVAN ET DUC","siret":"73298047900032","vatNumber":"FR46732980479","phone":"+33472909981","address":{"street":"ZONE ARTISANALE DU MEYROL LES ESPRATS","city":"Montélimar","postalCode":"26200","country":"FR"}},"pricing":{"totalPrice":null,"agreedPrice":250,"invoicedPrice":null,"currency":"EUR"},"metrics":{"estimatedDistance":91.54,"carbonFootprint":669.43928255475},"documents":[{"externalId":41611484,"category":"ldv","name":"National bill of lading","fileUrl":"https://www.dashdoc.eu/api/v4/delivery-documents/019bfacd-3e70-7bf7-a59b-22514815aaa5/","createdAt":"2026-01-26T14:55:36.982547Z"},{"externalId":41611485,"category":"chc","name":"Charter confirmation","fileUrl":"https://www.dashdoc.eu/api/v4/delivery-documents/019bfacd-3e71-74e0-9166-31141f234b6d/","createdAt":"2026-01-26T14:55:38.376089Z"}],"trackingId":"XXXXXX-XXXXXX","parentTransportId":"019bea22-c28d-7165-8188-7caf15f302bc","tags":[],"_raw":{"shape":"simple","isOrder":true,"businessPrivacy":false}},{"externalId":"019bfacc-cfaf-73e0-a6d9-fcca5c8f61b2","externalSource":"dashdoc","sequentialId":32102141,"inviteCode":"WSNNHY5P5","remoteId":"","status":"CONFIRMED","globalStatus":"accepted","creationMethod":"web_app","createdAt":"2026-01-26T14:54:45.198366Z","updatedAt":"2026-01-26T15:48:20.115577Z","pickup":{"address":{"name":"DHL Saint Quentin Fallavier (Lyon)","street":"27 Avenue des Arrivaux","city":"Saint-Quentin-Fallavier","postalCode":"38070","country":"FR","location":{"type":"Point","coordinates":[5.11627,45.64225]}},"contact":{"name":"KRONENBOURG SUPPLY COMPANY","phone":"+33388274488"},"scheduledAt":"2026-01-30T16:00:00+00:00","scheduledEnd":"2026-01-30T16:30:00+00:00","instructions":"","reference":"F012;101916513"},"delivery":{"address":{"name":"ITM ETB SAINT BONNET LES OULES ITM ALIMENTAIRE INTERNATIONAL","street":"327, ZA DE LAPRA","city":"SAINT BONNET LES OULES","postalCode":"42330","country":"FR","location":{"type":"Point","coordinates":[4.32033,45.53609]}},"contact":{},"scheduledAt":"2026-02-02T12:59:00+00:00","scheduledEnd":"2026-02-02T13:59:00+00:00","instructions":"","reference":"0002241212"},"cargo":[{"description":"FINISHED GOODS","category":"pallets","quantity":27,"weight":28878.5,"weightUnit":"kilogram","volume":162.5,"volumeUnit":"m3","linearMeters":null,"isDangerous":false,"isRefrigerated":false,"temperature":"","temperatureUnit":"celsius","adrCode":""}],"carrier":{"externalId":4221529,"name":"TRANSMAS","siret":"379 311 111 00023","vatNumber":"FR58379311111","phone":"+33608955731","address":{"street":"10 Rue des Charmilles","city":"Saint-Just-Saint-Rambert","postalCode":"42170","country":"FR"}},"pricing":{"totalPrice":250,"agreedPrice":250,"invoicedPrice":250,"currency":"EUR"},"metrics":{"estimatedDistance":91.54,"carbonFootprint":705.24039475631},"documents":[{"externalId":41611397,"category":"chc","name":"Charter confirmation","fileUrl":"https://www.dashdoc.eu/api/v4/delivery-documents/019bfacc-cff0-77cf-bf9b-4e1690a6eab9/","createdAt":"2026-01-26T14:55:05.615222Z"},{"externalId":41611396,"category":"ldv","name":"National bill of lading","fileUrl":"https://www.dashdoc.eu/api/v4/delivery-documents/019bfacc-cfef-7373-a7c0-bc3a36954c7a/","createdAt":"2026-01-26T14:55:04.134507Z"}],"trackingId":"XXXXXX-XXXXXX","parentTransportId":"019bf96b-6162-7ec8-a565-fb65f6cc9810","tags":[],"_raw":{"shape":"simple","isOrder":true,"businessPrivacy":false}},{"externalId":"019bfac8-1768-79fb-be6a-18b5cd5c96ea","externalSource":"dashdoc","sequentialId":32101627,"inviteCode":"GEKSU8Z8A","remoteId":"","status":"CONFIRMED","globalStatus":"accepted","creationMethod":"web_app","createdAt":"2026-01-26T14:49:36.041837Z","updatedAt":"2026-01-26T14:51:07.014940Z","pickup":{"address":{"name":"TRANSALLIANCE - ALPHALOG","street":"Transalliance - ZI Triangle Activité Ambérieu, 11 Rue Marius Berliet","city":"AMBERIEU-EN-BUGEY","postalCode":"01500","country":"FR","location":{"type":"Point","coordinates":[5.34489,45.96785]}},"contact":{},"scheduledAt":"2026-01-30T10:00:00+00:00","scheduledEnd":"2026-01-30T10:00:00+00:00","instructions":"","reference":"402795916"},"delivery":{"address":{"name":"CONFISUD SENAS","street":"51 Vte de Mallemort","city":"Sénas","postalCode":"13560","country":"FR","location":{"type":"Point","coordinates":[5.09502,43.74197]}},"contact":{},"scheduledAt":"2026-02-02T07:00:00+00:00","scheduledEnd":"2026-02-02T11:00:00+00:00","instructions":"","reference":"0000034324"},"cargo":[{"description":"Boissons","category":"Boissons","quantity":null,"weight":28710,"weightUnit":"kilogram","volume":null,"volumeUnit":"m3","linearMeters":null,"isDangerous":false,"isRefrigerated":false,"temperature":"","temperatureUnit":"celsius","adrCode":""}],"carrier":{"externalId":3802458,"name":"SARL SETT TRANSPORTS","siret":"35067556700050","vatNumber":"FR21350675567","phone":"+33476047111","address":{"street":"1088 Av. Jean François Champollion","city":"Pontcharra","postalCode":"38530","country":"FR"}},"pricing":{"totalPrice":649.61,"agreedPrice":null,"invoicedPrice":649.61,"currency":"EUR"},"metrics":{"estimatedDistance":305.81,"carbonFootprint":2342.2676247728996},"documents":[{"externalId":41610648,"category":"ldv","name":"National bill of lading","fileUrl":"https://www.dashdoc.eu/api/v4/delivery-documents/019bfac8-18ed-7c4b-a30e-05dd5cb85cb3/","createdAt":"2026-01-26T14:50:33.948729Z"}],"trackingId":"XXXXXX-XXXXXX","tags":[{"pk":97800,"name":"EXPLOITATION","color":"#25B9E6","tag_group_id":977}],"_raw":{"shape":"simple","isOrder":false,"businessPrivacy":false}},{"externalId":"019bfac1-dcf2-7b26-bebe-1488a03e9eed","externalSource":"dashdoc","sequentialId":32100756,"inviteCode":"KMN8329DE","remoteId":"","status":"DRAFT","globalStatus":"ordered","creationMethod":"web_app","createdAt":"2026-01-26T14:42:47.698584Z","updatedAt":"2026-01-26T14:53:52.019082Z","pickup":{"address":{"name":"SIDENOR AMURRIO","street":"P.I. SARATXO-ALDAITURRIAGA KALEA,7","city":"AMURRIO","postalCode":"01470","country":"ES","location":{"type":"Point","coordinates":[-3.00626,43.03725]}},"contact":{},"scheduledAt":"2026-01-26T05:00:00+00:00","scheduledEnd":"2026-01-26T20:00:00+00:00","instructions":"","reference":"494409-763363//14592770-6825550"},"delivery":{"address":{"name":"SIDENOR ST PIERRE","street":"524 Avenue des Jourdies","city":"Saint-Pierre-en-Faucigny","postalCode":"74800","country":"FR","location":{"type":"Point","coordinates":[6.37488,46.0769]}},"contact":{},"scheduledAt":"2026-01-28T07:00:00+00:00","scheduledEnd":"2026-01-28T07:00:00+00:00","instructions":"","reference":"494409-736363"},"cargo":[{"description":"ACIER","category":"pallets","quantity":33,"weight":24402,"weightUnit":"kilogram","volume":null,"volumeUnit":"m3","linearMeters":13,"isDangerous":false,"isRefrigerated":false,"temperature":"","temperatureUnit":"celsius","adrCode":""}],"carrier":{"externalId":7260001,"name":"CARERAS SRL","siret":"","vatNumber":"RO21782732","phone":"","address":{"street":"ROSIA,Nr12 JUDETUL BIHOR","city":"Roșia","postalCode":"417425","country":"RO"}},"pricing":{"totalPrice":null,"agreedPrice":1400,"invoicedPrice":null,"currency":"EUR"},"metrics":{"estimatedDistance":1070.58,"carbonFootprint":6969.412804931639},"documents":[{"externalId":41609393,"category":"cmr","name":"CMR","fileUrl":"https://www.dashdoc.eu/api/v4/delivery-documents/019bfac1-dd27-7542-a9db-890b030f89f2/","createdAt":"2026-01-26T14:42:58.965057Z"},{"externalId":41609394,"category":"chc","name":"Charter confirmation","fileUrl":"https://www.dashdoc.eu/api/v4/delivery-documents/019bfac1-dd28-7423-9596-3fbf4962772b/","createdAt":"2026-01-26T14:43:01.193980Z"}],"trackingId":"XXXXXX-XXXXXX","parentTransportId":"019bfabe-5743-7e8f-b3d2-4f778fc730eb","tags":[{"pk":97806,"name":"ALPHONSE","color":"#934EF4","tag_group_id":977}],"_raw":{"shape":"simple","isOrder":true,"businessPrivacy":false}},{"externalId":"019bfabe-5743-7e8f-b3d2-4f778fc730eb","externalSource":"dashdoc","sequentialId":32100362,"inviteCode":"","remoteId":"","status":"CONFIRMED","globalStatus":"accepted","creationMethod":"web_app","createdAt":"2026-01-26T14:38:56.865963Z","updatedAt":"2026-01-26T14:43:11.956954Z","pickup":{"address":{"name":"SIDENOR AMURRIO","street":"P.I. SARATXO-ALDAITURRIAGA KALEA,7","city":"AMURRIO","postalCode":"01470","country":"ES","location":{"type":"Point","coordinates":[-3.00626,43.03725]}},"contact":{},"scheduledAt":"2026-01-26T05:00:00+00:00","scheduledEnd":"2026-01-26T20:00:00+00:00","instructions":"","reference":"494409-763363//14592770-6825550"},"delivery":{"address":{"name":"SIDENOR ST PIERRE","street":"524 Avenue des Jourdies","city":"Saint-Pierre-en-Faucigny","postalCode":"74800","country":"FR","location":{"type":"Point","coordinates":[6.37488,46.0769]}},"contact":{},"scheduledAt":"2026-01-28T07:00:00+00:00","scheduledEnd":"2026-01-28T07:00:00+00:00","instructions":"","reference":"494409-736363"},"cargo":[{"description":"ACIER","category":"pallets","quantity":33,"weight":24402,"weightUnit":"kilogram","volume":null,"volumeUnit":"m3","linearMeters":13,"isDangerous":false,"isRefrigerated":false,"temperature":"","temperatureUnit":"celsius","adrCode":""}],"carrier":{"externalId":3802458,"name":"SARL SETT TRANSPORTS","siret":"35067556700050","vatNumber":"FR21350675567","phone":"+33476047111","address":{"street":"1088 Av. Jean François Champollion","city":"Pontcharra","postalCode":"38530","country":"FR"}},"pricing":{"totalPrice":1600,"agreedPrice":null,"invoicedPrice":1600,"currency":"EUR"},"metrics":{"estimatedDistance":1070.58,"carbonFootprint":6969.412804931639},"documents":[{"externalId":41609393,"category":"cmr","name":"CMR","fileUrl":"https://www.dashdoc.eu/api/v4/delivery-documents/019bfac1-dd27-7542-a9db-890b030f89f2/","createdAt":"2026-01-26T14:42:58.965057Z"}],"trackingId":"XXXXXX-XXXXXX","tags":[{"pk":97806,"name":"ALPHONSE","color":"#934EF4","tag_group_id":977}],"_raw":{"shape":"simple","isOrder":false,"businessPrivacy":false}},{"externalId":"019bfabb-06d9-75c8-8d66-ca391ef8f2c9","externalSource":"dashdoc","sequentialId":32099999,"inviteCode":"7BXKNPFXA","remoteId":"","status":"CONFIRMED","globalStatus":"accepted","creationMethod":"web_app","createdAt":"2026-01-26T14:35:19.716506Z","updatedAt":"2026-01-26T14:36:06.876896Z","pickup":{"address":{"name":"TRANSALLIANCE - ALPHALOG","street":"Transalliance - ZI Triangle Activité Ambérieu, 11 Rue Marius Berliet","city":"AMBERIEU-EN-BUGEY","postalCode":"01500","country":"FR","location":{"type":"Point","coordinates":[5.34489,45.96785]}},"contact":{},"scheduledAt":"2026-01-29T18:00:00+00:00","scheduledEnd":"2026-01-29T18:00:00+00:00","instructions":"","reference":"402805201"},"delivery":{"address":{"name":"DEPOT ST GEORGES D'ESPERANCHE (DHL)","street":"25 Route de Saint-Just","city":"Saint-Georges-d'Espéranche","postalCode":"38790","country":"FR","location":{"type":"Point","coordinates":[5.05395,45.58464]}},"contact":{},"scheduledAt":"2026-01-30T10:00:00+00:00","scheduledEnd":"2026-01-30T10:00:00+00:00","instructions":"UTILISATION APPLICATION TRAVIS OBLIGATOIRE !! \nÀ défaut d'utilisation toute pénalité imputée engagera votre responsabilité et sera déduite de votre facture.","reference":"01086208"},"cargo":[{"description":"Boissons","category":"Boissons","quantity":1,"weight":24570,"weightUnit":"kilogram","volume":null,"volumeUnit":"m3","linearMeters":null,"isDangerous":false,"isRefrigerated":false,"temperature":"","temperatureUnit":"celsius","adrCode":""}],"carrier":{"externalId":3802458,"name":"SARL SETT TRANSPORTS","siret":"35067556700050","vatNumber":"FR21350675567","phone":"+33476047111","address":{"street":"1088 Av. Jean François Champollion","city":"Pontcharra","postalCode":"38530","country":"FR"}},"pricing":{"totalPrice":null,"agreedPrice":null,"invoicedPrice":null,"currency":"EUR"},"metrics":{"estimatedDistance":70.29,"carbonFootprint":460.7340825087},"documents":[{"externalId":41608335,"category":"ldv","name":"National bill of lading","fileUrl":"https://www.dashdoc.eu/api/v4/delivery-documents/019bfabb-0777-7a38-88a1-b41b7194e28a/","createdAt":"2026-01-26T14:35:50.350827Z"}],"trackingId":"XXXXXX-XXXXXX","tags":[{"pk":97800,"name":"EXPLOITATION","color":"#25B9E6","tag_group_id":977}],"_raw":{"shape":"simple","isOrder":false,"businessPrivacy":false}},{"externalId":"019bfaba-2de9-7599-b6b2-07624ab82f23","externalSource":"dashdoc","sequentialId":32099922,"inviteCode":"B6AUMA9BW","remoteId":"","status":"CONFIRMED","globalStatus":"accepted","creationMethod":"web_app","createdAt":"2026-01-26T14:34:24.182999Z","updatedAt":"2026-01-26T14:35:36.878668Z","pickup":{"address":{"name":"E2SE EMBALLAGE","street":"ZI DE CHAVANON LA CROIX ST MARTIN","city":"MONISTROL SUR LOIRE","postalCode":"43120","country":"FR","location":{"type":"Point","coordinates":[4.19613,45.2703]}},"contact":{},"scheduledAt":"2026-01-28T07:00:00+00:00","scheduledEnd":"2026-01-28T14:00:00+00:00","instructions":"","reference":"21950768/3476;3718146;C2600451368;C260045168"},"delivery":{"address":{"name":"JPJ PALETTES","street":"26 AVENUE MARIE CURIE","city":"ST MARTIN DE CRAU","postalCode":"13310","country":"FR","location":{"type":"Point","coordinates":[4.78386,43.6245]}},"contact":{},"scheduledAt":"2026-01-29T06:30:00+00:00","scheduledEnd":"2026-01-29T10:30:00+00:00","instructions":"","reference":"21950768/3476;3718146;C2600451368"},"cargo":[{"description":"PAL(palette perdue)","category":"pallets","quantity":374,"weight":7854,"weightUnit":"kilogram","volume":null,"volumeUnit":"m3","linearMeters":13.6,"isDangerous":false,"isRefrigerated":false,"temperature":"","temperatureUnit":"celsius","adrCode":""}],"carrier":{"externalId":3802458,"name":"SARL SETT TRANSPORTS","siret":"35067556700050","vatNumber":"FR21350675567","phone":"+33476047111","address":{"street":"1088 Av. Jean François Champollion","city":"Pontcharra","postalCode":"38530","country":"FR"}},"pricing":{"totalPrice":650,"agreedPrice":null,"invoicedPrice":650,"currency":"EUR"},"metrics":{"estimatedDistance":342.55,"carbonFootprint":717.7389402183001},"documents":[{"externalId":41608222,"category":"ldv","name":"National bill of lading","fileUrl":"https://www.dashdoc.eu/api/v4/delivery-documents/019bfaba-32e4-7004-ad88-4d1d8a0b8679/","createdAt":"2026-01-26T14:35:27.656119Z"}],"trackingId":"XXXXXX-XXXXXX","tags":[],"_raw":{"shape":"simple","isOrder":false,"businessPrivacy":false}},{"externalId":"019bfab7-68d5-7ce9-90f8-9248edbfcb20","externalSource":"dashdoc","sequentialId":32099585,"inviteCode":"YG8ZT5CUV","remoteId":"","status":"CONFIRMED","globalStatus":"accepted","creationMethod":"web_app","createdAt":"2026-01-26T14:31:22.611459Z","updatedAt":"2026-01-26T14:32:46.835817Z","pickup":{"address":{"name":"SAEME - SOCIETE ANONYME DES EAUX MINERALES D EVIAN USINE D’AMPHION","street":"750 Rue des Vignes Rouges","city":"Publier","postalCode":"74500","country":"FR","location":{"type":"Point","coordinates":[6.5143775939941415,46.38956957573262]}},"contact":{"name":"SAEME SAS","phone":"+33659434506"},"scheduledAt":"2026-01-30T08:30:00+00:00","scheduledEnd":"2026-01-30T08:30:00+00:00","instructions":"Port de chaussure de sécurité et gillet OBLIGATOIRE sur tous site DANONE.\nVoir cahier des charges inclus","reference":"402711811"},"delivery":{"address":{"name":"SYSTEME U 34 CLERMONT HERAULT","street":"Z.A.C. la Salamane","city":"Clermont-l'Hérault","postalCode":"34800","country":"FR","location":{"type":"Point","coordinates":[3.466873168945313,43.60712078141704]}},"contact":{},"scheduledAt":"2026-02-02T07:00:00+00:00","scheduledEnd":"2026-02-02T07:00:00+00:00","instructions":"","reference":"04455016"},"cargo":[{"description":"Boissons","category":"Boissons","quantity":null,"weight":28158,"weightUnit":"kilogram","volume":null,"volumeUnit":"m3","linearMeters":null,"isDangerous":false,"isRefrigerated":false,"temperature":"","temperatureUnit":"celsius","adrCode":""}],"carrier":{"externalId":3802458,"name":"SARL SETT TRANSPORTS","siret":"35067556700050","vatNumber":"FR21350675567","phone":"+33476047111","address":{"street":"1088 Av. Jean François Champollion","city":"Pontcharra","postalCode":"38530","country":"FR"}},"pricing":{"totalPrice":897.21,"agreedPrice":null,"invoicedPrice":897.21,"currency":"EUR"},"metrics":{"estimatedDistance":507.89,"carbonFootprint":3815.25092971698},"documents":[{"externalId":41607751,"category":"ldv","name":"National bill of lading","fileUrl":"https://www.dashdoc.eu/api/v4/delivery-documents/019bfab7-6930-7a50-8285-dbde7633682b/","createdAt":"2026-01-26T14:32:36.940969Z"}],"trackingId":"XXXXXX-XXXXXX","tags":[{"pk":97802,"name":"AFFRETEMENT","color":"#FA9538","tag_group_id":977},{"pk":74088,"name":"AFFRET IA","color":"#12B2B2","tag_group_id":null}],"_raw":{"shape":"simple","isOrder":false,"businessPrivacy":false}},{"externalId":"019bfab6-6870-7801-a647-38ef6caf955c","externalSource":"dashdoc","sequentialId":32099476,"inviteCode":"","remoteId":"","status":"DRAFT","globalStatus":"ordered","creationMethod":"web_app","createdAt":"2026-01-26T14:30:17.059340Z","updatedAt":"2026-01-26T14:30:41.810418Z","pickup":{"address":{"name":"RT LOGISTIQUE SQF5","street":"2 RUE BLAISSE PASCAL","city":"Vaulx-Milieu","postalCode":"38090","country":"FR","location":{"type":"Point","coordinates":[5.171470642089845,45.62254990361323]}},"contact":{},"scheduledAt":"2025-12-23T23:00:00+00:00","scheduledEnd":"2025-12-24T22:59:00+00:00","instructions":"","reference":"a faire avec remorque gs"},"delivery":{"address":{"name":"RT LOGISTIQUE BRESSOLLES","street":"78 Chemin des Vignes","city":"Bressolles","postalCode":"01360","country":"FR","location":{"type":"Point","coordinates":[5.11094,45.85417]}},"contact":{},"scheduledAt":"2025-12-23T23:00:00+00:00","scheduledEnd":"2025-12-24T22:59:00+00:00","instructions":"","reference":""},"cargo":[],"carrier":{"externalId":3991213,"name":"MENIER TRANSPORTS","siret":"89823001600021","vatNumber":"FR87898230016","phone":"+33678378662","address":{"street":"4 RUE DU 11 NOVEMBRE","city":"Saint-Priest","postalCode":"69800","country":"FR"}},"pricing":{"totalPrice":null,"agreedPrice":140,"invoicedPrice":null,"currency":"EUR"},"metrics":{"estimatedDistance":42.82,"carbonFootprint":null},"documents":[{"externalId":41607497,"category":"chc","name":"Charter confirmation","fileUrl":"https://www.dashdoc.eu/api/v4/delivery-documents/019bfab6-6947-71b2-9028-3c8522a4bb5b/","createdAt":"2026-01-26T14:30:30.364806Z"},{"externalId":41607496,"category":"ldv","name":"National bill of lading","fileUrl":"https://www.dashdoc.eu/api/v4/delivery-documents/019bfab6-6946-7ec2-874e-83be57d3989f/","createdAt":"2026-01-26T14:30:28.855995Z"}],"trackingId":"XXXXXX-XXXXXX","parentTransportId":"019bfab6-26dc-75c8-8330-4bde3d2f30ad","tags":[],"_raw":{"shape":"simple","isOrder":true,"businessPrivacy":false}},{"externalId":"019bfab6-26dc-75c8-8330-4bde3d2f30ad","externalSource":"dashdoc","sequentialId":32099453,"inviteCode":"","remoteId":"","status":"CONFIRMED","globalStatus":"accepted","creationMethod":"duplication","createdAt":"2026-01-26T14:30:00.173163Z","updatedAt":"2026-01-26T14:30:36.809636Z","pickup":{"address":{"name":"RT LOGISTIQUE SQF5","street":"2 RUE BLAISSE PASCAL","city":"Vaulx-Milieu","postalCode":"38090","country":"FR","location":{"type":"Point","coordinates":[5.171470642089845,45.62254990361323]}},"contact":{},"scheduledAt":"2025-12-23T23:00:00+00:00","scheduledEnd":"2025-12-24T22:59:00+00:00","instructions":"","reference":"a faire avec remorque gs"},"delivery":{"address":{"name":"RT LOGISTIQUE BRESSOLLES","street":"78 Chemin des Vignes","city":"Bressolles","postalCode":"01360","country":"FR","location":{"type":"Point","coordinates":[5.11094,45.85417]}},"contact":{},"scheduledAt":"2025-12-23T23:00:00+00:00","scheduledEnd":"2025-12-24T22:59:00+00:00","instructions":"","reference":""},"cargo":[],"carrier":{"externalId":3802458,"name":"SARL SETT TRANSPORTS","siret":"35067556700050","vatNumber":"FR21350675567","phone":"+33476047111","address":{"street":"1088 Av. Jean François Champollion","city":"Pontcharra","postalCode":"38530","country":"FR"}},"pricing":{"totalPrice":140,"agreedPrice":null,"invoicedPrice":140,"currency":"EUR"},"metrics":{"estimatedDistance":42.82,"carbonFootprint":null},"documents":[{"externalId":41607496,"category":"ldv","name":"National bill of lading","fileUrl":"https://www.dashdoc.eu/api/v4/delivery-documents/019bfab6-6946-7ec2-874e-83be57d3989f/","createdAt":"2026-01-26T14:30:28.855995Z"}],"trackingId":"XXXXXX-XXXXXX","tags":[],"_raw":{"shape":"simple","isOrder":false,"businessPrivacy":false}},{"externalId":"019bfab6-0678-78fe-8d3c-9157fc122900","externalSource":"dashdoc","sequentialId":32099434,"inviteCode":"","remoteId":"","status":"DRAFT","globalStatus":"ordered","creationMethod":"web_app","createdAt":"2026-01-26T14:29:51.889424Z","updatedAt":"2026-01-26T14:30:16.805294Z","pickup":{"address":{"name":"RT LOGISTIQUE SQF5","street":"2 RUE BLAISSE PASCAL","city":"Vaulx-Milieu","postalCode":"38090","country":"FR","location":{"type":"Point","coordinates":[5.171470642089845,45.62254990361323]}},"contact":{},"scheduledAt":"2025-12-23T23:00:00+00:00","scheduledEnd":"2025-12-24T22:59:00+00:00","instructions":"","reference":"a faire avec remorque gs"},"delivery":{"address":{"name":"RT LOGISTIQUE BRESSOLLES","street":"78 Chemin des Vignes","city":"Bressolles","postalCode":"01360","country":"FR","location":{"type":"Point","coordinates":[5.11094,45.85417]}},"contact":{},"scheduledAt":"2025-12-23T23:00:00+00:00","scheduledEnd":"2025-12-24T22:59:00+00:00","instructions":"","reference":""},"cargo":[],"carrier":{"externalId":3991213,"name":"MENIER TRANSPORTS","siret":"89823001600021","vatNumber":"FR87898230016","phone":"+33678378662","address":{"street":"4 RUE DU 11 NOVEMBRE","city":"Saint-Priest","postalCode":"69800","country":"FR"}},"pricing":{"totalPrice":null,"agreedPrice":140,"invoicedPrice":null,"currency":"EUR"},"metrics":{"estimatedDistance":42.82,"carbonFootprint":null},"documents":[{"externalId":41607440,"category":"ldv","name":"National bill of lading","fileUrl":"https://www.dashdoc.eu/api/v4/delivery-documents/019bfab6-06c8-774b-a62c-d9c3dbfeac63/","createdAt":"2026-01-26T14:30:08.805473Z"},{"externalId":41607441,"category":"chc","name":"Charter confirmation","fileUrl":"https://www.dashdoc.eu/api/v4/delivery-documents/019bfab6-06c9-7ece-b0c5-df993d9f345b/","createdAt":"2026-01-26T14:30:10.091244Z"}],"trackingId":"XXXXXX-XXXXXX","parentTransportId":"019bfab5-c013-7e85-9007-1f0a6daf01c7","tags":[],"_raw":{"shape":"simple","isOrder":true,"businessPrivacy":false}},{"externalId":"019bfab5-c013-7e85-9007-1f0a6daf01c7","externalSource":"dashdoc","sequentialId":32099418,"inviteCode":"","remoteId":"","status":"CONFIRMED","globalStatus":"accepted","creationMethod":"duplication","createdAt":"2026-01-26T14:29:33.872118Z","updatedAt":"2026-01-26T14:30:16.805294Z","pickup":{"address":{"name":"RT LOGISTIQUE SQF5","street":"2 RUE BLAISSE PASCAL","city":"Vaulx-Milieu","postalCode":"38090","country":"FR","location":{"type":"Point","coordinates":[5.171470642089845,45.62254990361323]}},"contact":{},"scheduledAt":"2025-12-23T23:00:00+00:00","scheduledEnd":"2025-12-24T22:59:00+00:00","instructions":"","reference":"a faire avec remorque gs"},"delivery":{"address":{"name":"RT LOGISTIQUE BRESSOLLES","street":"78 Chemin des Vignes","city":"Bressolles","postalCode":"01360","country":"FR","location":{"type":"Point","coordinates":[5.11094,45.85417]}},"contact":{},"scheduledAt":"2025-12-23T23:00:00+00:00","scheduledEnd":"2025-12-24T22:59:00+00:00","instructions":"","reference":""},"cargo":[],"carrier":{"externalId":3802458,"name":"SARL SETT TRANSPORTS","siret":"35067556700050","vatNumber":"FR21350675567","phone":"+33476047111","address":{"street":"1088 Av. Jean François Champollion","city":"Pontcharra","postalCode":"38530","country":"FR"}},"pricing":{"totalPrice":140,"agreedPrice":null,"invoicedPrice":140,"currency":"EUR"},"metrics":{"estimatedDistance":42.82,"carbonFootprint":null},"documents":[{"externalId":41607440,"category":"ldv","name":"National bill of lading","fileUrl":"https://www.dashdoc.eu/api/v4/delivery-documents/019bfab6-06c8-774b-a62c-d9c3dbfeac63/","createdAt":"2026-01-26T14:30:08.805473Z"}],"trackingId":"XXXXXX-XXXXXX","tags":[],"_raw":{"shape":"simple","isOrder":false,"businessPrivacy":false}},{"externalId":"019bfab5-9f99-7f83-a629-6fde7c08d55f","externalSource":"dashdoc","sequentialId":32099410,"inviteCode":"","remoteId":"","status":"DRAFT","globalStatus":"ordered","creationMethod":"web_app","createdAt":"2026-01-26T14:29:25.581944Z","updatedAt":"2026-01-26T14:29:46.800275Z","pickup":{"address":{"name":"RT LOGISTIQUE SQF5","street":"2 RUE BLAISSE PASCAL","city":"Vaulx-Milieu","postalCode":"38090","country":"FR","location":{"type":"Point","coordinates":[5.171470642089845,45.62254990361323]}},"contact":{},"scheduledAt":"2025-12-22T23:00:00+00:00","scheduledEnd":"2025-12-23T22:59:00+00:00","instructions":"","reference":"a faire avec remorque gs"},"delivery":{"address":{"name":"RT LOGISTIQUE BRESSOLLES","street":"78 Chemin des Vignes","city":"Bressolles","postalCode":"01360","country":"FR","location":{"type":"Point","coordinates":[5.11094,45.85417]}},"contact":{},"scheduledAt":"2025-12-22T23:00:00+00:00","scheduledEnd":"2025-12-23T22:59:00+00:00","instructions":"","reference":""},"cargo":[],"carrier":{"externalId":3991213,"name":"MENIER TRANSPORTS","siret":"89823001600021","vatNumber":"FR87898230016","phone":"+33678378662","address":{"street":"4 RUE DU 11 NOVEMBRE","city":"Saint-Priest","postalCode":"69800","country":"FR"}},"pricing":{"totalPrice":null,"agreedPrice":140,"invoicedPrice":null,"currency":"EUR"},"metrics":{"estimatedDistance":42.82,"carbonFootprint":null},"documents":[{"externalId":41607396,"category":"chc","name":"Charter confirmation","fileUrl":"https://www.dashdoc.eu/api/v4/delivery-documents/019bfab5-9fe9-76ee-816a-6626e5e33023/","createdAt":"2026-01-26T14:29:38.355520Z"},{"externalId":41607395,"category":"ldv","name":"National bill of lading","fileUrl":"https://www.dashdoc.eu/api/v4/delivery-documents/019bfab5-9fe8-744c-ba72-d29d2da52f18/","createdAt":"2026-01-26T14:29:36.804143Z"}],"trackingId":"XXXXXX-XXXXXX","parentTransportId":"019bfab5-630b-7f94-9cc1-7bc6983dd53f","tags":[],"_raw":{"shape":"simple","isOrder":true,"businessPrivacy":false}},{"externalId":"019bfab5-630b-7f94-9cc1-7bc6983dd53f","externalSource":"dashdoc","sequentialId":32099387,"inviteCode":"","remoteId":"","status":"CONFIRMED","globalStatus":"accepted","creationMethod":"duplication","createdAt":"2026-01-26T14:29:10.052055Z","updatedAt":"2026-01-26T14:29:46.800275Z","pickup":{"address":{"name":"RT LOGISTIQUE SQF5","street":"2 RUE BLAISSE PASCAL","city":"Vaulx-Milieu","postalCode":"38090","country":"FR","location":{"type":"Point","coordinates":[5.171470642089845,45.62254990361323]}},"contact":{},"scheduledAt":"2025-12-22T23:00:00+00:00","scheduledEnd":"2025-12-23T22:59:00+00:00","instructions":"","reference":"a faire avec remorque gs"},"delivery":{"address":{"name":"RT LOGISTIQUE BRESSOLLES","street":"78 Chemin des Vignes","city":"Bressolles","postalCode":"01360","country":"FR","location":{"type":"Point","coordinates":[5.11094,45.85417]}},"contact":{},"scheduledAt":"2025-12-22T23:00:00+00:00","scheduledEnd":"2025-12-23T22:59:00+00:00","instructions":"","reference":""},"cargo":[],"carrier":{"externalId":3802458,"name":"SARL SETT TRANSPORTS","siret":"35067556700050","vatNumber":"FR21350675567","phone":"+33476047111","address":{"street":"1088 Av. Jean François Champollion","city":"Pontcharra","postalCode":"38530","country":"FR"}},"pricing":{"totalPrice":140,"agreedPrice":null,"invoicedPrice":140,"currency":"EUR"},"metrics":{"estimatedDistance":42.82,"carbonFootprint":null},"documents":[{"externalId":41607395,"category":"ldv","name":"National bill of lading","fileUrl":"https://www.dashdoc.eu/api/v4/delivery-documents/019bfab5-9fe8-744c-ba72-d29d2da52f18/","createdAt":"2026-01-26T14:29:36.804143Z"}],"trackingId":"XXXXXX-XXXXXX","tags":[],"_raw":{"shape":"simple","isOrder":false,"businessPrivacy":false}}]},"companies":{"count":1802,"synced":20,"errors":[],"data":[{"externalId":"3867700","externalSource":"dashdoc","remoteId":"C10006","name":"1 UP","legalName":"1 UP","siret":"853 926 905 00029","siren":"","vatNumber":"FR57853926905","phone":"+33458980103","email":"compta@1updistribution.com","website":"","address":{"street":"201 RUE DES BLACHES","city":"LA BUISSIERE","postalCode":"38530","country":"FR","location":{"type":"Point","coordinates":[5.99363,45.42437]}},"isVerified":false,"accountType":"invited","logo":null,"tags":[],"country":"FR","legalForm":""},{"externalId":"4608128","externalSource":"dashdoc","remoteId":"CF30078 + S70614","name":"2BMoved","legalName":"2BMoved","siret":"87766039900024","siren":"","vatNumber":"FR17877660399","phone":"+33458008086","email":"juliette.blouin@2bmoved.fr","website":"","address":{"street":"8 route des bois - ZAC Champfeuillet-Parc Work Center","city":"VOIRON","postalCode":"38500","country":"FR","location":{"type":"Point","coordinates":[5.56564,45.34996]}},"isVerified":false,"accountType":"invited","logo":null,"tags":[],"country":"FR","legalForm":""},{"externalId":"4372624","externalSource":"dashdoc","remoteId":"S70392","name":"2CS TRANSPORTS","legalName":"2CS TRANSPORTS","siret":"44964403800068","siren":"","vatNumber":"FR74449644038","phone":"","email":"","website":"","address":{"street":"36 Route du Verdoyer","city":"Verneuil-sur-Vienne","postalCode":"87430","country":"FR","location":{"type":"Point","coordinates":[1.17182,45.84727]}},"isVerified":false,"accountType":"invited","logo":null,"tags":[],"country":"FR","legalForm":""},{"externalId":"5311174","externalSource":"dashdoc","remoteId":"S70611 + CF31186","name":"2LCM","legalName":"2LCM","siret":"42445899000043","siren":"","vatNumber":"FR73424458990","phone":"+33477910321","email":"","website":"","address":{"street":"3352 Rue Jean Rostand","city":"La Talaudière","postalCode":"42350","country":"FR","location":{"type":"Point","coordinates":[4.44428,45.47622]}},"isVerified":false,"accountType":"invited","logo":null,"tags":[],"country":"FR","legalForm":""},{"externalId":"6556569","externalSource":"dashdoc","remoteId":"CF31234","name":"2PLOGISTIQUE","legalName":"2PLOGISTIQUE","siret":"834 333 817 00015","siren":"","vatNumber":"FR77834333817","phone":"","email":"","website":"","address":{"street":"4 Impasse du Clos du Loup","city":"Rouffiac-Tolosan","postalCode":"31180","country":"FR","location":{"type":"Point","coordinates":[1.51226,43.6692]}},"isVerified":false,"accountType":"invited","logo":null,"tags":[],"country":"FR","legalForm":""},{"externalId":"3918926","externalSource":"dashdoc","remoteId":"S70029","name":"ABAKUS LOGISTICS","legalName":"ABAKUS LOGISTICS","siret":"360328138","siren":"","vatNumber":"PL7010453787","phone":"+48517168365","email":"","website":"","address":{"street":"ul.Aleje Jerozolimskie.96","city":"WARSZAWA","postalCode":"00-807","country":"PL","location":{"type":"Point","coordinates":[20.97878,52.22248]}},"isVerified":false,"accountType":"invited","logo":null,"tags":[],"country":"PL","legalForm":""},{"externalId":"6047055","externalSource":"dashdoc","remoteId":"S70747","name":"ABB 56 - AMBROISE BOUVIER","legalName":"ABB 56 - AMBROISE BOUVIER","siret":"39842607200029","siren":"","vatNumber":"FR93398426072","phone":"","email":"","website":"","address":{"street":"Rue de Dinan","city":"Beaussais-sur-Mer","postalCode":"22650","country":"FR","location":{"type":"Point","coordinates":[-2.13707,48.5766]}},"isVerified":false,"accountType":"invited","logo":null,"tags":[],"country":"FR","legalForm":""},{"externalId":"3867687","externalSource":"dashdoc","remoteId":"C10005","name":"ABB FRANCE","legalName":"ABB FRANCE","siret":"335 146 312 00459","siren":"","vatNumber":"FR95335146312","phone":"+33472221722","email":"factures.fournisseursABB@ironmountain.fr","website":"","address":{"street":"COMPTABILITE FOURNISSEURS - 324 Rue du Chat Botté - CS 20400 BEYNOST","city":"MIRIBEL","postalCode":"01700","country":"FR","location":{"type":"Point","coordinates":[4.99101,45.82942]}},"isVerified":false,"accountType":"invited","logo":null,"tags":[],"country":"FR","legalForm":""},{"externalId":"4002040","externalSource":"dashdoc","remoteId":"S70162 + CF31233","name":"ABC LOGISTIC INTERNATIONAL, S.L.","legalName":"ABC LOGISTIC INTERNATIONAL, S.L.","siret":"ESB75017103","siren":"","vatNumber":"ESB75017103","phone":"+34943042458","email":"","website":"","address":{"street":"Avenida Europa, 20","city":"Irún","postalCode":"20305","country":"ES","location":{"type":"Point","coordinates":[-1.75696,43.34076]}},"isVerified":false,"accountType":"invited","logo":null,"tags":[],"country":"ES","legalForm":""},{"externalId":"7210786","externalSource":"dashdoc","remoteId":"","name":"ABF 53","legalName":"ABF 53","siret":"40384150500049","siren":"","vatNumber":"FR56403841505","phone":"","email":"","website":"","address":{"street":"60 Route de Mégaudais","city":"Saint-Pierre-des-Landes","postalCode":"53500","country":"FR","location":{"type":"Point","coordinates":[-1.02538,48.27629]}},"isVerified":false,"accountType":"invited","logo":null,"tags":[],"country":"FR","legalForm":""},{"externalId":"7126482","externalSource":"dashdoc","remoteId":"S71071","name":"AB TEXEL FRANCE","legalName":"AB TEXEL FRANCE","siret":"","siren":"","vatNumber":"FR22535147904","phone":"+33676729660","email":"","website":"","address":{"street":"17 Rue du Vertuquet","city":"Neuville-en-Ferrain","postalCode":"59960","country":"FR","location":{"type":"Point","coordinates":[3.16324,50.75583]}},"isVerified":false,"accountType":"invited","logo":null,"tags":[],"country":"FR","legalForm":""},{"externalId":"4665809","externalSource":"dashdoc","remoteId":"S70393","name":"Access Logistic GmbH","legalName":"Access Logistic GmbH","siret":"","siren":"","vatNumber":"","phone":"","email":"","website":"","address":{"street":"130 Amerling","city":"Kramsach","postalCode":"6233","country":"AT","location":{"type":"Point","coordinates":[11.87568,47.43966]}},"isVerified":false,"accountType":"invited","logo":null,"tags":[],"country":"AT","legalForm":""},{"externalId":"6663120","externalSource":"dashdoc","remoteId":"S70967","name":"A C P FREIGHT SERVICES LTD","legalName":"A C P FREIGHT SERVICES LTD","siret":"","siren":"","vatNumber":"GB679736957","phone":"+442392892758","email":"","website":"","address":{"street":"377 Old Commercial Road","city":"Portsmouth","postalCode":"PO1 4QL","country":"GB","location":{"type":"Point","coordinates":[-1.08709,50.80635]}},"isVerified":false,"accountType":"invited","logo":null,"tags":[],"country":"GB","legalForm":""},{"externalId":"6149068","externalSource":"dashdoc","remoteId":"S70906","name":"ACR António da Costa Reis & Cª, Lda.","legalName":"ACR António da Costa Reis & Cª, Lda.","siret":"","siren":"","vatNumber":"PT123456235","phone":"+351227459248","email":"","website":"","address":{"street":"Estrada Real Nº646, 4505-226 Fiães","city":"Fiães","postalCode":"4505-226","country":"PT","location":{"type":"Point","coordinates":[-8.53227,40.98129]}},"isVerified":false,"accountType":"invited","logo":null,"tags":[],"country":"PT","legalForm":""},{"externalId":"4668305","externalSource":"dashdoc","remoteId":"S70394 + CF31069","name":"AC TRANSPORTS","legalName":"AC TRANSPORTS","siret":"83994473300030","siren":"","vatNumber":"FR27839944733","phone":"+33687150213","email":"","website":"","address":{"street":"3 Rue Évariste Galois","city":"Pierrelatte","postalCode":"26700","country":"FR","location":{"type":"Point","coordinates":[4.70714,44.36221]}},"isVerified":false,"accountType":"invited","logo":null,"tags":[],"country":"FR","legalForm":""},{"externalId":"5642119","externalSource":"dashdoc","remoteId":"","name":"Adar sp. z o.o.","legalName":"Adar sp. z o.o.","siret":"","siren":"","vatNumber":"PL5782594127","phone":"","email":"","website":"","address":{"street":"7B ulica św. Floriana","city":"Elbląg","postalCode":"82-300","country":"PL","location":{"type":"Point","coordinates":[19.43359,54.15925]}},"isVerified":false,"accountType":"invited","logo":null,"tags":[],"country":"PL","legalForm":""},{"externalId":"4382717","externalSource":"dashdoc","remoteId":"CF30079","name":"ADEPACK","legalName":"ADEPACK","siret":"48924300600041","siren":"","vatNumber":"FR11489243006","phone":"","email":"","website":"","address":{"street":"472 Route de la Gare","city":"Châteauneuf-de-Gadagne","postalCode":"84470","country":"FR","location":{"type":"Point","coordinates":[4.95365,43.92887]}},"isVerified":false,"accountType":"invited","logo":null,"tags":[],"country":"FR","legalForm":""},{"externalId":"6333094","externalSource":"dashdoc","remoteId":"S70893","name":"ADSL S.A","legalName":"ADSL S.A","siret":"B92134","siren":"","vatNumber":"LU19541661","phone":"+35226529422","email":"","website":"","address":{"street":"ZI Hahneboesch","city":"Differdange","postalCode":"L4562","country":"LU","location":{"type":"Point","coordinates":[5.89699,49.54207]}},"isVerified":false,"accountType":"invited","logo":null,"tags":[],"country":"LU","legalForm":""},{"externalId":"4350877","externalSource":"dashdoc","remoteId":"S70275","name":"AEM","legalName":"AEM","siret":"99575015500039","siren":"","vatNumber":"FR65995750155","phone":"","email":"","website":"","address":{"street":"6 Rue Descartes","city":"La Souterraine","postalCode":"23300","country":"FR","location":{"type":"Point","coordinates":[1.49254,46.24344]}},"isVerified":false,"accountType":"invited","logo":null,"tags":[],"country":"FR","legalForm":""},{"externalId":"6029589","externalSource":"dashdoc","remoteId":"CF31112","name":"AFFRET EASY","legalName":"AFFRET EASY","siret":"791 961 527 00037","siren":"","vatNumber":"FR58791961527","phone":"","email":"","website":"","address":{"street":"10 Ter Rue des castillans","city":"SAINTE ADRESSE","postalCode":"76310","country":"FR","location":{"type":"Point","coordinates":[0.07934,49.5075]}},"isVerified":false,"accountType":"invited","logo":null,"tags":[],"country":"FR","legalForm":""}]},"contacts":{"count":2695,"synced":50,"errors":[],"data":[{"externalId":"791fe227-7653-4cf7-9a03-a0f1ff8b3b9c","externalSource":"dashdoc","remoteId":"","firstName":"","lastName":";","email":"direction@transports-clemente.com","phone":"+33608608100","fax":"","language":"fr","companyId":"4031849","companyName":"CLEMENTE LOGISTIQUE","jobs":[],"preferences":{"receiveShareEmails":false,"receiveReminderEmails":false},"createdAt":"2025-05-21T09:53:21.799877Z"},{"externalId":"ab1d37c8-5bbf-46e5-83fa-d952b7533365","externalSource":"dashdoc","remoteId":"","firstName":"christian","lastName":"..","email":"cotations@sme73.fr","phone":"+33479386079","fax":"","language":"fr","companyId":"3925240","companyName":"TRANS BELLEDONNE","jobs":["dispatcher"],"preferences":{"receiveShareEmails":false,"receiveReminderEmails":false},"createdAt":"2025-04-08T13:56:59.937803Z"},{"externalId":"a61b0a00-29f1-40bc-ac77-73a5e32e1f57","externalSource":"dashdoc","remoteId":"","firstName":"FACTURATION","lastName":"1 UP","email":"compta@1updistribution.com","phone":"+33458980103","fax":"","language":"fr","companyId":"3867700","companyName":"1 UP","jobs":["biller"],"preferences":{"receiveShareEmails":true,"receiveReminderEmails":true},"createdAt":"2025-04-10T08:24:50.300051Z"},{"externalId":"ae2db215-7480-4207-a372-d9ff5edde848","externalSource":"dashdoc","remoteId":"","firstName":"FACTURATION","lastName":"2BMoved","email":"facture@2bmoved.fr","phone":"","fax":"","language":"fr","companyId":"4608128","companyName":"2BMoved","jobs":["biller"],"preferences":{"receiveShareEmails":true,"receiveReminderEmails":true},"createdAt":"2025-05-23T06:44:13.030378Z"},{"externalId":"019a9120-1ea8-7ea6-a4e9-619a3ecd42a7","externalSource":"dashdoc","remoteId":"","firstName":"FACTURATION","lastName":"2PLOGISTIQUE","email":"facturation-2plog@orange.fr","phone":"","fax":"","language":"fr","companyId":"6556569","companyName":"2PLOGISTIQUE","jobs":["biller"],"preferences":{"receiveShareEmails":true,"receiveReminderEmails":true},"createdAt":"2025-11-17T09:23:12.683369Z"},{"externalId":"32c09c63-75da-4212-ad94-dc60317d8152","externalSource":"dashdoc","remoteId":"","firstName":"a","lastName":"a","email":"exploitation2@prabel.com","phone":"","fax":"","language":"fr","companyId":"5281335","companyName":"PRABEL ET FILS","jobs":["dispatcher"],"preferences":{"receiveShareEmails":false,"receiveReminderEmails":false},"createdAt":"2025-07-30T13:01:06.792181Z"},{"externalId":"cff91ee6-e108-4845-b6c4-97bd7144f9d2","externalSource":"dashdoc","remoteId":"","firstName":"Mohamed","lastName":"AARIB","email":"contact@agz-express.fr","phone":"+33766350316","fax":"","language":"fr","companyId":"6337225","companyName":"AGZ EXPRESS","jobs":["dispatcher"],"preferences":{"receiveShareEmails":false,"receiveReminderEmails":false},"createdAt":"2025-09-16T15:04:35.599287Z"},{"externalId":"df19bd14-d01b-4812-a557-223099dd3751","externalSource":"dashdoc","remoteId":"","firstName":"Mohamed","lastName":"AARIB","email":"contact@agz-express.fr","phone":"+33766350316","fax":"","language":"fr","companyId":"6337225","companyName":"AGZ EXPRESS","jobs":["dispatcher"],"preferences":{"receiveShareEmails":false,"receiveReminderEmails":false},"createdAt":"2025-09-15T08:19:40.684085Z"},{"externalId":"d373779c-b724-480a-bf18-687a33676fd0","externalSource":"dashdoc","remoteId":"","firstName":"Bryan","lastName":"ABAYA","email":"exploitation@valence-europe.com","phone":"+33475781222","fax":"","language":"fr","companyId":"3911955","companyName":"TRANSPORTS VALENCE EUROPE","jobs":["dispatcher"],"preferences":{"receiveShareEmails":false,"receiveReminderEmails":false},"createdAt":"2025-08-28T10:28:05.314102Z"},{"externalId":"075a0331-0b60-4c87-9f39-44dd80aa01ef","externalSource":"dashdoc","remoteId":"","firstName":"FACTURATION","lastName":"ABB FRANCE","email":"factures.fournisseursABB@ironmountain.fr","phone":"+33437404000","fax":"","language":"fr","companyId":"3867687","companyName":"ABB FRANCE","jobs":["biller"],"preferences":{"receiveShareEmails":true,"receiveReminderEmails":true},"createdAt":"2025-03-31T11:53:05.051487Z"},{"externalId":"019a8200-eafa-7d8e-af2a-6f2a51653873","externalSource":"dashdoc","remoteId":"","firstName":"VIRGINIE","lastName":"ABBINANTI","email":"virginie@azpeitia.fr","phone":"","fax":"","language":"fr","companyId":"4515471","companyName":"AZPEITIA TPTS EUROPEENS","jobs":["biller"],"preferences":{"receiveShareEmails":true,"receiveReminderEmails":true},"createdAt":"2025-11-14T10:54:49.597733Z"},{"externalId":"019a9115-cd62-7c6e-bba9-4d6854aaa2fe","externalSource":"dashdoc","remoteId":"","firstName":"FACTURATION","lastName":"ABC LOGISTIC INTERNATIONAL","email":"facturasIRU@abclogistic.es","phone":"","fax":"","language":"es","companyId":"4002040","companyName":"ABC LOGISTIC INTERNATIONAL, S.L.","jobs":["biller"],"preferences":{"receiveShareEmails":true,"receiveReminderEmails":true},"createdAt":"2025-11-17T09:11:56.516428Z"},{"externalId":"595e5ecc-d4b9-401f-9203-d21b5d66708e","externalSource":"dashdoc","remoteId":"","firstName":"Bernard","lastName":"ABRAHAM","email":"exploitation@bayard-transports.com","phone":"+33477303321","fax":"","language":"fr","companyId":"4701001","companyName":"BAYARD TRANSPORTS","jobs":["dispatcher"],"preferences":{"receiveShareEmails":false,"receiveReminderEmails":false},"createdAt":"2025-05-09T06:05:52.171950Z"},{"externalId":"019aedfc-3aae-7f9f-9039-fac216494006","externalSource":"dashdoc","remoteId":"","firstName":"CYRIL","lastName":"ACCART","email":"caccart@lavilainoise.fr","phone":"+33549292020","fax":"","language":"fr","companyId":"6463111","companyName":"TRANSPORTS LA VILAINOISE","jobs":["dispatcher"],"preferences":{"receiveShareEmails":false,"receiveReminderEmails":false},"createdAt":"2025-12-05T10:08:41.648160Z"},{"externalId":"e4dea088-03ea-4585-b2f2-c06a21a346da","externalSource":"dashdoc","remoteId":"","firstName":"Jérémie","lastName":"ACHARD","email":"retour-national@transports-lataste.com","phone":"+33559550143","fax":"","language":"fr","companyId":"4993843","companyName":"LATASTE","jobs":["dispatcher"],"preferences":{"receiveShareEmails":false,"receiveReminderEmails":false},"createdAt":"2025-06-04T10:20:49.971795Z"},{"externalId":"a331ca71-784f-4759-b4cf-f0e5f6ae071e","externalSource":"dashdoc","remoteId":"","firstName":"LEA","lastName":"ACHARD","email":"achardlea@hotmail.fr","phone":"+33687974868","fax":"","language":"fr","companyId":"3883974","companyName":"LEA ACHARD TRANSPORTS","jobs":["dispatcher"],"preferences":{"receiveShareEmails":false,"receiveReminderEmails":false},"createdAt":"2025-02-26T16:45:03.601102Z"},{"externalId":"da0e3997-53a4-4d1e-bf17-3c63d5b7954d","externalSource":"dashdoc","remoteId":"","firstName":"Steve","lastName":"ACKER","email":"transports.fmorel@wanadoo.fr","phone":"+33232531552","fax":"","language":"fr","companyId":"6257915","companyName":"FERNAND MOREL SAS","jobs":["dispatcher"],"preferences":{"receiveShareEmails":false,"receiveReminderEmails":false},"createdAt":"2025-08-22T07:29:34.763098Z"},{"externalId":"019bc1ca-ff0f-7ca3-833d-67eb82f0e49f","externalSource":"dashdoc","remoteId":"","firstName":"Christine","lastName":"ACOSTA","email":"exploitation.malaurie@bert.fr","phone":"+33553220157","fax":"","language":"fr","companyId":"6675297","companyName":"SAS MALAURIE","jobs":["dispatcher"],"preferences":{"receiveShareEmails":false,"receiveReminderEmails":false},"createdAt":"2026-01-15T13:14:24.915686Z"},{"externalId":"019a5842-f40c-7c73-a8b8-0a4a4ab0b569","externalSource":"dashdoc","remoteId":"","firstName":"","lastName":"ADMIN","email":"admin.inter@olano-groupe.com","phone":"","fax":"","language":"fr","companyId":"4015950","companyName":"OLANO ORGANISATION FLUX","jobs":["biller"],"preferences":{"receiveShareEmails":true,"receiveReminderEmails":true},"createdAt":"2025-11-06T08:22:54.222740Z"},{"externalId":"019ae8f4-0c97-70c3-893f-7ae87c0ebea4","externalSource":"dashdoc","remoteId":"","firstName":"","lastName":"administration","email":"administration@transports-lataste.com","phone":"","fax":"","language":"fr","companyId":"4993843","companyName":"LATASTE","jobs":["biller"],"preferences":{"receiveShareEmails":true,"receiveReminderEmails":true},"createdAt":"2025-12-04T10:41:39.486164Z"},{"externalId":"019984e6-d1dd-7a71-a271-ed0ac3aa7f9e","externalSource":"dashdoc","remoteId":"","firstName":"","lastName":"ADRIAN","email":"adicareras@yahoo.es","phone":"+34607628303","fax":"","language":"es","companyId":"6383653","companyName":"C.S.LARRAUNSADAR S.R.L.","jobs":["company_manager"],"preferences":{"receiveShareEmails":false,"receiveReminderEmails":false},"createdAt":"2025-09-26T07:22:23.585618Z"},{"externalId":"28570513-383d-47e4-ad4c-a567b68c6ded","externalSource":"dashdoc","remoteId":"","firstName":"","lastName":"ADRIAN","email":"adicareras@yahoo.es","phone":"+34630848143","fax":"","language":"en","companyId":"6383653","companyName":"C.S.LARRAUNSADAR S.R.L.","jobs":["company_manager"],"preferences":{"receiveShareEmails":false,"receiveReminderEmails":false},"createdAt":"2025-09-23T15:24:33.014089Z"},{"externalId":"da371e1b-4e17-4e76-b9b6-5fdcca14daef","externalSource":"dashdoc","remoteId":"","firstName":"","lastName":"ADRIAN","email":"adicareras@yahoo.es","phone":"+34607628303","fax":"","language":"en","companyId":"6383653","companyName":"C.S.LARRAUNSADAR S.R.L.","jobs":["company_manager"],"preferences":{"receiveShareEmails":false,"receiveReminderEmails":false},"createdAt":"2025-09-22T15:42:48.880118Z"},{"externalId":"01997c54-7ce1-7810-8bc8-330e38b527af","externalSource":"dashdoc","remoteId":"","firstName":"","lastName":"ADRIAN","email":"adicareras@yahoo.es","phone":"+34630848143","fax":"","language":"en","companyId":"6383653","companyName":"C.S.LARRAUNSADAR S.R.L.","jobs":["company_manager"],"preferences":{"receiveShareEmails":false,"receiveReminderEmails":false},"createdAt":"2025-09-24T15:25:35.844608Z"},{"externalId":"01997c55-a57e-7be1-b73f-e901d9c7f473","externalSource":"dashdoc","remoteId":"","firstName":"","lastName":"ADRIAN","email":"adicareras@yahoo.es","phone":"+34630848143","fax":"","language":"en","companyId":"6383653","companyName":"C.S.LARRAUNSADAR S.R.L.","jobs":["company_manager"],"preferences":{"receiveShareEmails":false,"receiveReminderEmails":false},"createdAt":"2025-09-24T15:26:51.777431Z"},{"externalId":"019984de-1f7e-7c29-a6bd-f152e67a2219","externalSource":"dashdoc","remoteId":"","firstName":"","lastName":"ADRIAN","email":"","phone":"+34607628303","fax":"","language":"en","companyId":"6383653","companyName":"C.S.LARRAUNSADAR S.R.L.","jobs":["company_manager"],"preferences":{"receiveShareEmails":false,"receiveReminderEmails":false},"createdAt":"2025-09-26T07:12:53.633969Z"},{"externalId":"14bf82b9-1e6d-4c31-9414-4dd0e682af12","externalSource":"dashdoc","remoteId":"","firstName":"BERNARD","lastName":"Adrien","email":"transportbernard.lepetitadrien@gmail.com","phone":"+33625520466","fax":"","language":"fr","companyId":"6158672","companyName":"TRANSPORTS BERNARD - LE PETIT ADRIEN","jobs":["dispatcher"],"preferences":{"receiveShareEmails":false,"receiveReminderEmails":false},"createdAt":"2025-08-08T06:24:30.138554Z"},{"externalId":"83bb82cc-1b0b-44db-87fa-7e8ad361e2cf","externalSource":"dashdoc","remoteId":"","firstName":"Samuel","lastName":"ADRIEN","email":"samuel.adrien@mousquetaires.com","phone":"+33674375090","fax":"","language":"fr","companyId":"3867979","companyName":"ITM LAI ENTA SUD EST","jobs":["dispatcher"],"preferences":{"receiveShareEmails":false,"receiveReminderEmails":false},"createdAt":"2025-02-25T11:35:25.437224Z"},{"externalId":"2af1c2b1-997b-43b3-bbe0-1c52461b35ef","externalSource":"dashdoc","remoteId":"","firstName":"Joris","lastName":"ADRON","email":"joris.adron@godfroy.fr","phone":"+33607065703","fax":"","language":"fr","companyId":"3891851","companyName":"GODFROY","jobs":["dispatcher"],"preferences":{"receiveShareEmails":false,"receiveReminderEmails":false},"createdAt":"2025-04-22T15:30:50.294071Z"},{"externalId":"4e18edf8-e8fa-4fe9-9732-15e6041af3e4","externalSource":"dashdoc","remoteId":"","firstName":"GREGORY","lastName":"AFFRETEMENT","email":"gregory@sll-logistique.fr","phone":"+33534289302","fax":"","language":"fr","companyId":"4559661","companyName":"SLL LOGISTIQUE","jobs":["dispatcher"],"preferences":{"receiveShareEmails":false,"receiveReminderEmails":false},"createdAt":"2025-07-08T08:19:54.025710Z"},{"externalId":"9fa44a66-5b4a-4eb1-9d78-30e1730fa1a2","externalSource":"dashdoc","remoteId":"","firstName":"FACTURATION","lastName":"AFFRETOO","email":"sav@affretoo.fr","phone":"","fax":"","language":"fr","companyId":"5728496","companyName":"AFFRETOO","jobs":["biller"],"preferences":{"receiveShareEmails":true,"receiveReminderEmails":true},"createdAt":"2025-08-01T12:35:41.501917Z"},{"externalId":"571f5c94-5bd3-4735-90c0-01def2ba28e3","externalSource":"dashdoc","remoteId":"","firstName":"Anthony","lastName":"AGASSE","email":"exploitation@breneyfreres.fr","phone":"+33674875982","fax":"","language":"fr","companyId":"4737270","companyName":"BRENEY FRERES SARL TRANSPORT","jobs":["dispatcher"],"preferences":{"receiveShareEmails":false,"receiveReminderEmails":false},"createdAt":"2025-05-13T13:44:19.320302Z"},{"externalId":"019b4a37-a66e-74b4-a099-9398d8d89064","externalSource":"dashdoc","remoteId":"","firstName":"Keivan","lastName":"AGHAEE","email":"keivan88@hotmail.fr","phone":"+33671251488","fax":"","language":"fr","companyId":"7116669","companyName":"LYTAK","jobs":["dispatcher"],"preferences":{"receiveShareEmails":false,"receiveReminderEmails":false},"createdAt":"2025-12-23T07:58:39.730342Z"},{"externalId":"0199ecfc-6363-7c3d-8475-67b5b8d208f4","externalSource":"dashdoc","remoteId":"","firstName":"FACTURATION","lastName":"AGROM TRANSPORT","email":"agro_factfournisseurs@mousquetaires.com","phone":"","fax":"","language":"fr","companyId":"3867922","companyName":"AGROM TRANSPORT","jobs":["biller"],"preferences":{"receiveShareEmails":true,"receiveReminderEmails":true},"createdAt":"2025-10-16T12:26:27.575155Z"},{"externalId":"ee9ac963-bb27-4951-b210-dd53093a47fd","externalSource":"dashdoc","remoteId":"","firstName":"FACTURATION","lastName":"AHLSTROM","email":"Genevieve.Brunjail@ahlstrom.com","phone":"+33476453515","fax":"","language":"fr","companyId":"3823883","companyName":"AHLSTROM MUNKSJO BRIGNOUD","jobs":["biller"],"preferences":{"receiveShareEmails":true,"receiveReminderEmails":true},"createdAt":"2025-04-02T14:25:06.778174Z"},{"externalId":"019bdfed-24a8-7556-bee1-8fc586341a20","externalSource":"dashdoc","remoteId":"","firstName":"tassnim","lastName":"ahmed","email":"tassnime@cavanagroup.com","phone":"+34673645114","fax":"","language":"es","companyId":"7235886","companyName":"FRIOCAVANA INTERNACIONAL SL","jobs":["dispatcher"],"preferences":{"receiveShareEmails":false,"receiveReminderEmails":false},"createdAt":"2026-01-21T09:40:19.243267Z"},{"externalId":"40bf1403-8971-49a5-9370-662da18198e9","externalSource":"dashdoc","remoteId":"","firstName":"SABRINA","lastName":"AIDOUNE","email":"sabrina.aidoune@viaposte.fr","phone":"+33673723911","fax":"","language":"fr","companyId":"3868920","companyName":"VIAPOST MANAGEMENT","jobs":["dispatcher"],"preferences":{"receiveShareEmails":false,"receiveReminderEmails":false},"createdAt":"2025-02-25T12:41:22.038277Z"},{"externalId":"5ccc7c33-4b7d-4fea-bd3b-b3b9e1c10c19","externalSource":"dashdoc","remoteId":"","firstName":"FACTURATION","lastName":"AIGLE FRANCE","email":"facturation@aiglegroup.eu","phone":"","fax":"","language":"fr","companyId":"4727760","companyName":"AIGLE France","jobs":["biller"],"preferences":{"receiveShareEmails":true,"receiveReminderEmails":true},"createdAt":"2025-06-10T08:14:37.791240Z"},{"externalId":"782fff79-4d91-4e7e-b98f-d941f4973555","externalSource":"dashdoc","remoteId":"","firstName":"RELANCE","lastName":"AIGLE FRANCE","email":"comptabilite@aiglegroup.eu","phone":"","fax":"","language":"fr","companyId":"4727760","companyName":"AIGLE France","jobs":["biller"],"preferences":{"receiveShareEmails":true,"receiveReminderEmails":true},"createdAt":"2025-06-10T08:15:03.602631Z"},{"externalId":"019b22a1-3e3e-7617-a419-015c3b7b085d","externalSource":"dashdoc","remoteId":"","firstName":"Eric","lastName":"AIGNELOT","email":"e.aignelot@malherbe.fr","phone":"+33384961631","fax":"","language":"fr","companyId":"6298266","companyName":"MALHERBE ARC LES GRAY","jobs":["dispatcher"],"preferences":{"receiveShareEmails":false,"receiveReminderEmails":false},"createdAt":"2025-12-15T15:29:11.232975Z"},{"externalId":"019bc24f-e2d8-7183-b2f6-c16416d9c6e7","externalSource":"dashdoc","remoteId":"","firstName":"FACTURATION","lastName":"AILT TRANSPORTS","email":"compta.siege@ailt.fr","phone":"","fax":"","language":"fr","companyId":"7004896","companyName":"AILT TRANSPORTS","jobs":["biller"],"preferences":{"receiveShareEmails":true,"receiveReminderEmails":true},"createdAt":"2026-01-15T15:39:33.982229Z"},{"externalId":"65ef63ab-9e26-4426-b030-d151bf8463e2","externalSource":"dashdoc","remoteId":"","firstName":"Rachid","lastName":"Ait Dahmed","email":"rachid@bts-klaipeda.com","phone":"+37046392324","fax":"","language":"en","companyId":"3839703","companyName":"BALTIC TRANSPORTS SYSTEM","jobs":["dispatcher"],"preferences":{"receiveShareEmails":false,"receiveReminderEmails":false},"createdAt":"2025-03-06T14:38:49.446137Z"},{"externalId":"d9d23eb8-319b-45f7-b73e-0c49a2ddbb93","externalSource":"dashdoc","remoteId":"","firstName":"FACTURATION","lastName":"ALAINE MACON","email":"facturealaine@alaine.fr","phone":"+33385296119","fax":"","language":"fr","companyId":"3869204","companyName":"ALAINE MACON","jobs":["biller"],"preferences":{"receiveShareEmails":true,"receiveReminderEmails":true},"createdAt":"2025-05-14T14:59:52.435156Z"},{"externalId":"33c9c0be-dc05-4be3-8d94-0fc442014a02","externalSource":"dashdoc","remoteId":"","firstName":"FACTURATION","lastName":"ALAINE SUD EST","email":"facturesudest@alaine.fr","phone":"","fax":"","language":"fr","companyId":"4794258","companyName":"ALAINE SUD EST","jobs":["biller"],"preferences":{"receiveShareEmails":true,"receiveReminderEmails":true},"createdAt":"2025-06-11T12:10:37.494359Z"},{"externalId":"019b2251-b68e-7c3c-9291-9fe117a7eac7","externalSource":"dashdoc","remoteId":"","firstName":"FACTURATION","lastName":"ALAIN FOULON TRANSPORTS","email":"emarges@transports-foulon.fr","phone":"","fax":"","language":"fr","companyId":"4514707","companyName":"ALAIN FOULON TRANSPORTS","jobs":["biller"],"preferences":{"receiveShareEmails":true,"receiveReminderEmails":true},"createdAt":"2025-12-15T14:02:19.152407Z"},{"externalId":"7175cd03-54ac-44d2-bbf5-c8aa277dab27","externalSource":"dashdoc","remoteId":"","firstName":"Claude","lastName":"ALARCOS","email":"transportsact63@gmail.com","phone":"+33762239996","fax":"","language":"fr","companyId":"3923653","companyName":"TRANSPORTS ACT","jobs":["dispatcher"],"preferences":{"receiveShareEmails":false,"receiveReminderEmails":false},"createdAt":"2025-03-05T08:24:40.579194Z"},{"externalId":"019a39e5-9b07-7017-bdc4-071ed996f032","externalSource":"dashdoc","remoteId":"","firstName":"Sabrina","lastName":"ALAVOINE","email":"sabrina.alavoine@perrenot.eu","phone":"+33660367993","fax":"","language":"fr","companyId":"6663359","companyName":"PERRENOT SYNERGIES","jobs":["dispatcher"],"preferences":{"receiveShareEmails":false,"receiveReminderEmails":false},"createdAt":"2025-10-31T10:52:20.105546Z"},{"externalId":"bf3aa66b-9d84-4d79-a92c-8aaaa43d5d1f","externalSource":"dashdoc","remoteId":"","firstName":"AleXandra","lastName":"Alba","email":"trafico@sangotrans.com","phone":"+63630716523","fax":"","language":"fr","companyId":"3924131","companyName":"SANGOTRANS LOGISTICA","jobs":["dispatcher"],"preferences":{"receiveShareEmails":false,"receiveReminderEmails":false},"createdAt":"2025-03-05T09:11:34.819391Z"},{"externalId":"61592152-327a-40eb-8c52-c07e1173e1b2","externalSource":"dashdoc","remoteId":"","firstName":"Nicolas","lastName":"ALBERT","email":"n.albert@eagletrans.fr","phone":"+33474992580","fax":"","language":"fr","companyId":"4170501","companyName":"EAGLE TRANS","jobs":["dispatcher"],"preferences":{"receiveShareEmails":false,"receiveReminderEmails":false},"createdAt":"2025-04-22T13:21:58.756387Z"},{"externalId":"fed35db2-6886-4175-9c0d-71a5e6b3accb","externalSource":"dashdoc","remoteId":"","firstName":"","lastName":"aleksandra","email":"aleksandra@bts-klaipeda.com","phone":"","fax":"","language":"en","companyId":"3839703","companyName":"BALTIC TRANSPORTS SYSTEM","jobs":["biller"],"preferences":{"receiveShareEmails":true,"receiveReminderEmails":true},"createdAt":"2025-04-17T10:28:11.950664Z"}]},"vehicles":{"count":28,"synced":20,"errors":[],"data":[{"externalId":"40728456","externalSource":"dashdoc","remoteId":"","licensePlate":"FN153FD","tags":[],"fleetNumber":""},{"externalId":"40639944","externalSource":"dashdoc","remoteId":"","licensePlate":"EE639CB","tags":[],"fleetNumber":""},{"externalId":"40058378","externalSource":"dashdoc","remoteId":"","licensePlate":"GB174EA","tags":[],"fleetNumber":""},{"externalId":"40049982","externalSource":"dashdoc","remoteId":"","licensePlate":"FP367LZ","tags":[],"fleetNumber":""},{"externalId":"37407931","externalSource":"dashdoc","remoteId":"","licensePlate":"GE793YF","tags":[],"fleetNumber":""},{"externalId":"37151828","externalSource":"dashdoc","remoteId":"","licensePlate":"HE577DY","tags":[],"fleetNumber":""},{"externalId":"37011538","externalSource":"dashdoc","remoteId":"","licensePlate":"HE383DY","tags":[],"fleetNumber":""},{"externalId":"34959024","externalSource":"dashdoc","remoteId":"","licensePlate":"DV102EK","tags":[],"fleetNumber":""},{"externalId":"33822504","externalSource":"dashdoc","remoteId":"","licensePlate":"GD150YY","tags":[],"fleetNumber":""},{"externalId":"32918334","externalSource":"dashdoc","remoteId":"","licensePlate":"FH390XV","tags":[],"fleetNumber":""},{"externalId":"32917508","externalSource":"dashdoc","remoteId":"","licensePlate":"GM131PV","tags":[],"fleetNumber":""},{"externalId":"32917085","externalSource":"dashdoc","remoteId":"","licensePlate":"FH507XN","tags":[],"fleetNumber":""},{"externalId":"32916659","externalSource":"dashdoc","remoteId":"","licensePlate":"GE873JH","tags":[],"fleetNumber":""},{"externalId":"32915142","externalSource":"dashdoc","remoteId":"","licensePlate":"GL652JG","tags":[],"fleetNumber":""},{"externalId":"32913900","externalSource":"dashdoc","remoteId":"","licensePlate":"GK568WJ","tags":[],"fleetNumber":""},{"externalId":"32903363","externalSource":"dashdoc","remoteId":"","licensePlate":"GF475SE","tags":[],"fleetNumber":""},{"externalId":"32902963","externalSource":"dashdoc","remoteId":"","licensePlate":"GF463YH","tags":[],"fleetNumber":""},{"externalId":"32902289","externalSource":"dashdoc","remoteId":"","licensePlate":"GZ167FY","tags":[],"fleetNumber":""},{"externalId":"32901498","externalSource":"dashdoc","remoteId":"","licensePlate":"GV820GT","tags":[],"fleetNumber":""},{"externalId":"32898943","externalSource":"dashdoc","remoteId":"","licensePlate":"FY592KE","tags":[],"fleetNumber":""}]},"trailers":{"count":64,"synced":20,"errors":[],"data":[{"externalId":"44101289","externalSource":"dashdoc","remoteId":"","licensePlate":"GZ857YQ","tags":[],"fleetNumber":""},{"externalId":"43598361","externalSource":"dashdoc","remoteId":"","licensePlate":"FT252ZC","tags":[],"fleetNumber":""},{"externalId":"43311172","externalSource":"dashdoc","remoteId":"","licensePlate":"GF067TC","tags":[],"fleetNumber":""},{"externalId":"43199507","externalSource":"dashdoc","remoteId":"","licensePlate":"DR543BJ","tags":[],"fleetNumber":""},{"externalId":"42727226","externalSource":"dashdoc","remoteId":"","licensePlate":"GZ856YQ","tags":[],"fleetNumber":""},{"externalId":"42708631","externalSource":"dashdoc","remoteId":"","licensePlate":"ES765MM","tags":[],"fleetNumber":""},{"externalId":"42629474","externalSource":"dashdoc","remoteId":"","licensePlate":"FG375YZ","tags":[],"fleetNumber":""},{"externalId":"42389106","externalSource":"dashdoc","remoteId":"","licensePlate":"EX507ES","tags":[],"fleetNumber":""},{"externalId":"42241002","externalSource":"dashdoc","remoteId":"","licensePlate":"GF463YG","tags":[],"fleetNumber":""},{"externalId":"42011588","externalSource":"dashdoc","remoteId":"","licensePlate":"ED545KL","tags":[],"fleetNumber":""},{"externalId":"41917081","externalSource":"dashdoc","remoteId":"","licensePlate":"GA605SA","tags":[],"fleetNumber":""},{"externalId":"40991252","externalSource":"dashdoc","remoteId":"","licensePlate":"GF693XZ","tags":[],"fleetNumber":""},{"externalId":"40414388","externalSource":"dashdoc","remoteId":"","licensePlate":"FA750KV","tags":[],"fleetNumber":""},{"externalId":"39620893","externalSource":"dashdoc","remoteId":"","licensePlate":"GE793YF","tags":[],"fleetNumber":""},{"externalId":"39531642","externalSource":"dashdoc","remoteId":"","licensePlate":"ER756XQ","tags":[],"fleetNumber":""},{"externalId":"39391890","externalSource":"dashdoc","remoteId":"","licensePlate":"GS116MR","tags":[],"fleetNumber":""},{"externalId":"39321450","externalSource":"dashdoc","remoteId":"","licensePlate":"GS175BN","tags":[],"fleetNumber":""},{"externalId":"39291985","externalSource":"dashdoc","remoteId":"","licensePlate":"EJ825CE","tags":[],"fleetNumber":""},{"externalId":"39175416","externalSource":"dashdoc","remoteId":"","licensePlate":"FA158TZ","tags":[],"fleetNumber":""},{"externalId":"39175033","externalSource":"dashdoc","remoteId":"","licensePlate":"ED274BQ","tags":[],"fleetNumber":""}]},"truckers":{"count":37,"synced":37,"errors":[],"data":[{"externalId":"237301","externalSource":"dashdoc","remoteId":"002","firstName":"IVAN","lastName":"ANTANASOV","email":"","drivingLicenseDeadline":"2028-10-24T22:00:00Z","adrLicenseDeadline":null,"driverCardDeadline":"2027-06-26T22:00:00Z","companyId":"3802458"},{"externalId":"237299","externalSource":"dashdoc","remoteId":"001","firstName":"PAULO","lastName":"ARAUJO DA SILVA FERNANDES","email":"","drivingLicenseDeadline":"2029-12-01T23:00:00Z","adrLicenseDeadline":null,"driverCardDeadline":"2028-06-18T22:00:00Z","companyId":"3802458"},{"externalId":"246265","externalSource":"dashdoc","remoteId":"","firstName":"AZZEDINE","lastName":"BAKHOUCHE","email":"","drivingLicenseDeadline":"2027-09-13T22:00:00Z","adrLicenseDeadline":null,"driverCardDeadline":"2028-04-18T22:00:00Z","companyId":"3802458"},{"externalId":"244736","externalSource":"dashdoc","remoteId":"","firstName":"Laurent","lastName":"Bonnel","email":"laurentbonnel@sfr.fr","drivingLicenseDeadline":"2027-03-22T23:00:00Z","adrLicenseDeadline":null,"driverCardDeadline":"2029-06-08T22:00:00Z","companyId":"3802458"},{"externalId":"237302","externalSource":"dashdoc","remoteId":"003","firstName":"MASSIMO","lastName":"BORDIN","email":"","drivingLicenseDeadline":"2027-02-17T23:00:00Z","adrLicenseDeadline":null,"driverCardDeadline":"2027-02-07T23:00:00Z","companyId":"3802458"},{"externalId":"237305","externalSource":"dashdoc","remoteId":"004","firstName":"FRANCK","lastName":"BOURDON","email":"franck84400@hotmail.fr","drivingLicenseDeadline":"2027-09-04T22:00:00Z","adrLicenseDeadline":null,"driverCardDeadline":"2026-04-03T22:00:00Z","companyId":"3802458"},{"externalId":"237309","externalSource":"dashdoc","remoteId":"005","firstName":"MAXENCE","lastName":"BRIANT","email":"","drivingLicenseDeadline":"2028-05-30T22:00:00Z","adrLicenseDeadline":null,"driverCardDeadline":"2028-03-01T23:00:00Z","companyId":"3802458"},{"externalId":"237318","externalSource":"dashdoc","remoteId":"006","firstName":"GREGORY","lastName":"CHARRIN","email":"","drivingLicenseDeadline":"2029-12-09T23:00:00Z","adrLicenseDeadline":null,"driverCardDeadline":"2029-08-12T22:00:00Z","companyId":"3802458"},{"externalId":"239473","externalSource":"dashdoc","remoteId":"021","firstName":"YANNICK","lastName":"CHOMEL","email":"yanluce@orange.fr","drivingLicenseDeadline":"2026-01-20T23:00:00Z","adrLicenseDeadline":null,"driverCardDeadline":"2027-03-17T23:00:00Z","companyId":"3802458"},{"externalId":"237324","externalSource":"dashdoc","remoteId":"007","firstName":"DENIS","lastName":"DESPLANTES","email":"","drivingLicenseDeadline":"2026-01-03T23:00:00Z","adrLicenseDeadline":null,"driverCardDeadline":"2025-12-06T23:00:00Z","companyId":"3802458"},{"externalId":"241886","externalSource":"dashdoc","remoteId":"011","firstName":"RICHARD","lastName":"DUBUS","email":"dub73540@yahoo.fr","drivingLicenseDeadline":"2028-06-28T22:00:00Z","adrLicenseDeadline":null,"driverCardDeadline":"2029-09-15T22:00:00Z","companyId":"3802458"},{"externalId":"237950","externalSource":"dashdoc","remoteId":"020","firstName":"TOM","lastName":"GARNIER","email":"","drivingLicenseDeadline":"2029-11-04T23:00:00Z","adrLicenseDeadline":null,"driverCardDeadline":"2028-10-09T22:00:00Z","companyId":"3802458"},{"externalId":"237352","externalSource":"dashdoc","remoteId":"008","firstName":"GERARD","lastName":"GAUDIN","email":"","drivingLicenseDeadline":"2026-05-20T22:00:00Z","adrLicenseDeadline":null,"driverCardDeadline":"2026-06-01T22:00:00Z","companyId":"3802458"},{"externalId":"237354","externalSource":"dashdoc","remoteId":"009","firstName":"PHILIPPE","lastName":"GILLET","email":"","drivingLicenseDeadline":"2025-09-20T22:00:00Z","adrLicenseDeadline":null,"driverCardDeadline":"2027-06-23T22:00:00Z","companyId":"3802458"},{"externalId":"253765","externalSource":"dashdoc","remoteId":"","firstName":"FREDERIC","lastName":"HAFFNER","email":"","drivingLicenseDeadline":null,"adrLicenseDeadline":null,"driverCardDeadline":null,"companyId":"3802458"},{"externalId":"252349","externalSource":"dashdoc","remoteId":"","firstName":"XAVIER","lastName":"HUBERT","email":"","drivingLicenseDeadline":null,"adrLicenseDeadline":null,"driverCardDeadline":null,"companyId":"3802458"},{"externalId":"264423","externalSource":"dashdoc","remoteId":"","firstName":"ANTHONY","lastName":"LINO","email":"","drivingLicenseDeadline":null,"adrLicenseDeadline":null,"driverCardDeadline":null,"companyId":"3802458"},{"externalId":"244523","externalSource":"dashdoc","remoteId":"023","firstName":"JOSEPH","lastName":"MACHON","email":"jo.machon.mj@gmail.com","drivingLicenseDeadline":"2029-04-21T22:00:00Z","adrLicenseDeadline":null,"driverCardDeadline":"2027-07-15T22:00:00Z","companyId":"3802458"},{"externalId":"265170","externalSource":"dashdoc","remoteId":"","firstName":"JEAN PIERRE","lastName":"MAO","email":"","drivingLicenseDeadline":"2028-01-30T23:00:00Z","adrLicenseDeadline":null,"driverCardDeadline":"2028-05-13T22:00:00Z","companyId":"3802458"},{"externalId":"243383","externalSource":"dashdoc","remoteId":"","firstName":"DYLAN","lastName":"MARCE","email":"dylanmarce@gmail.com","drivingLicenseDeadline":"2027-09-14T22:00:00Z","adrLicenseDeadline":null,"driverCardDeadline":"2028-08-08T22:00:00Z","companyId":"3802458"},{"externalId":"255525","externalSource":"dashdoc","remoteId":"","firstName":"MYLENE","lastName":"ORCEL","email":"","drivingLicenseDeadline":null,"adrLicenseDeadline":null,"driverCardDeadline":null,"companyId":"3802458"},{"externalId":"237355","externalSource":"dashdoc","remoteId":"010","firstName":"JEREMIE","lastName":"PEDRI","email":"","drivingLicenseDeadline":"2027-03-27T23:00:00Z","adrLicenseDeadline":null,"driverCardDeadline":"2027-10-15T22:00:00Z","companyId":"3802458"},{"externalId":"237358","externalSource":"dashdoc","remoteId":"012","firstName":"BRUNO","lastName":"PERRIOLAT","email":"","drivingLicenseDeadline":"2030-09-07T22:00:00Z","adrLicenseDeadline":null,"driverCardDeadline":"2029-06-06T22:00:00Z","companyId":"3802458"},{"externalId":"237359","externalSource":"dashdoc","remoteId":"013","firstName":"SYLVAIN","lastName":"PRINGUET","email":"","drivingLicenseDeadline":"2027-09-22T22:00:00Z","adrLicenseDeadline":null,"driverCardDeadline":"2028-06-27T22:00:00Z","companyId":"3802458"},{"externalId":"247697","externalSource":"dashdoc","remoteId":"","firstName":"Joseph","lastName":"Quatela","email":"","drivingLicenseDeadline":"2027-04-29T22:00:00Z","adrLicenseDeadline":null,"driverCardDeadline":"2028-06-27T22:00:00Z","companyId":"3802458"},{"externalId":"237376","externalSource":"dashdoc","remoteId":"014","firstName":"YANN","lastName":"RAVOUX","email":"","drivingLicenseDeadline":"2026-08-16T22:00:00Z","adrLicenseDeadline":null,"driverCardDeadline":"2029-02-24T23:00:00Z","companyId":"3802458"},{"externalId":"237381","externalSource":"dashdoc","remoteId":"015","firstName":"REMY","lastName":"RIGOLE","email":"","drivingLicenseDeadline":"2027-12-11T23:00:00Z","adrLicenseDeadline":null,"driverCardDeadline":"2028-06-21T22:00:00Z","companyId":"3802458"},{"externalId":"252348","externalSource":"dashdoc","remoteId":"","firstName":"PAULINE","lastName":"ROMON","email":"","drivingLicenseDeadline":null,"adrLicenseDeadline":null,"driverCardDeadline":null,"companyId":"3802458"},{"externalId":"266339","externalSource":"dashdoc","remoteId":"","firstName":"Mohamed","lastName":"SALLAMI","email":"","drivingLicenseDeadline":null,"adrLicenseDeadline":null,"driverCardDeadline":null,"companyId":"3802458"},{"externalId":"237386","externalSource":"dashdoc","remoteId":"016","firstName":"ERIC","lastName":"SANZ","email":"","drivingLicenseDeadline":"2025-12-28T23:00:00Z","adrLicenseDeadline":null,"driverCardDeadline":"2026-11-23T23:00:00Z","companyId":"3802458"},{"externalId":"237390","externalSource":"dashdoc","remoteId":"017","firstName":"JEROME","lastName":"SANZ","email":"","drivingLicenseDeadline":"2028-02-22T23:00:00Z","adrLicenseDeadline":null,"driverCardDeadline":"2026-09-05T22:00:00Z","companyId":"3802458"},{"externalId":"252073","externalSource":"dashdoc","remoteId":"","firstName":"FRANCK","lastName":"SARLIN","email":"","drivingLicenseDeadline":"2028-10-30T23:00:00Z","adrLicenseDeadline":null,"driverCardDeadline":"2027-07-24T22:00:00Z","companyId":"3802458"},{"externalId":"237391","externalSource":"dashdoc","remoteId":"018","firstName":"ANTOINE","lastName":"SASSOULAS","email":"","drivingLicenseDeadline":"2027-07-10T22:00:00Z","adrLicenseDeadline":null,"driverCardDeadline":"2027-06-12T22:00:00Z","companyId":"3802458"},{"externalId":"244520","externalSource":"dashdoc","remoteId":"022","firstName":"FLORENT","lastName":"SAVENIER","email":"florent.mf91@gmail.com","drivingLicenseDeadline":"2029-05-13T22:00:00Z","adrLicenseDeadline":null,"driverCardDeadline":"2029-05-13T22:00:00Z","companyId":"3802458"},{"externalId":"246913","externalSource":"dashdoc","remoteId":"","firstName":"Laurent","lastName":"SEVERIN","email":"","drivingLicenseDeadline":"2028-12-04T23:00:00Z","adrLicenseDeadline":null,"driverCardDeadline":"2026-08-24T22:00:00Z","companyId":"3802458"},{"externalId":"245331","externalSource":"dashdoc","remoteId":"","firstName":"OSCAR","lastName":"TEUF","email":"","drivingLicenseDeadline":"2027-09-05T22:00:00Z","adrLicenseDeadline":null,"driverCardDeadline":"2027-11-14T23:00:00Z","companyId":"3802458"},{"externalId":"237394","externalSource":"dashdoc","remoteId":"019","firstName":"ANTONINO","lastName":"VACCARO","email":"","drivingLicenseDeadline":"2026-04-15T22:00:00Z","adrLicenseDeadline":null,"driverCardDeadline":"2028-11-25T23:00:00Z","companyId":"3802458"}]},"invoices":{"count":2007,"synced":20,"errors":[],"data":[{"externalId":"019bfa9c-520e-7376-93e7-1120daec55a4","externalSource":"dashdoc","invoiceNumber":"F-2026017","status":"final","currency":"EUR","dueDate":"2026-02-14T00:00:00","debtor":{"companyId":"3937529","name":"RT LOGISTIQUE"},"creditor":null,"lines":[],"createdAt":"2026-01-26T14:01:47.278876Z"},{"externalId":"019beaf2-7394-7f47-bf34-d1f8fe41d1d0","externalSource":"dashdoc","invoiceNumber":"F-2026015","status":"final","currency":"EUR","dueDate":"2026-02-14T00:00:00","debtor":{"companyId":"4802940","name":"ARCELORMITTAL CENTRES DE SERVICES"},"creditor":null,"lines":[],"createdAt":"2026-01-23T13:01:56.501818Z"},{"externalId":"019bea1a-99a2-76fc-8517-ff0ea82de145","externalSource":"dashdoc","invoiceNumber":"F-202512193","status":"final","currency":"EUR","dueDate":"2026-01-30T00:00:00","debtor":{"companyId":"7051346","name":"OWENS ILLINOIS"},"creditor":null,"lines":[],"createdAt":"2026-01-23T09:06:10.467183Z"},{"externalId":"019be5df-3cdd-75f1-bd9c-c94b6c4f3013","externalSource":"dashdoc","invoiceNumber":"F-202512190","status":"paid","currency":"EUR","dueDate":"2026-01-30T00:00:00","debtor":{"companyId":"6440913","name":"TRANS LINE CONFORT"},"creditor":null,"lines":[{"description":"TRANSPORTS SUR 2EME QUINZAINE DE DECEMBRE 2025","quantity":"1.000","unitPrice":"958.6000"}],"createdAt":"2026-01-22T13:22:51.230586Z"},{"externalId":"019be165-9124-7192-ac47-c58273a4915e","externalSource":"dashdoc","invoiceNumber":"F-202512192","status":"final","currency":"EUR","dueDate":"2026-01-30T00:00:00","debtor":{"companyId":"3868920","name":"VIAPOST MANAGEMENT"},"creditor":null,"lines":[],"createdAt":"2026-01-21T16:31:28.549741Z"},{"externalId":"019bdffd-ada3-77fc-86b9-2cb6ce0d9bf2","externalSource":"dashdoc","invoiceNumber":"F-202512189","status":"final","currency":"EUR","dueDate":"2026-01-30T00:00:00","debtor":{"companyId":"3937529","name":"RT LOGISTIQUE"},"creditor":null,"lines":[],"createdAt":"2026-01-21T09:58:22.884299Z"},{"externalId":"019bdfbf-0aea-71d4-80fe-e41de9e27ec6","externalSource":"dashdoc","invoiceNumber":"F-202512188","status":"final","currency":"EUR","dueDate":"2026-01-30T00:00:00","debtor":{"companyId":"6740904","name":"BONNEVAL EMERGENCE"},"creditor":null,"lines":[],"createdAt":"2026-01-21T08:49:57.995628Z"},{"externalId":"019bdba6-ab0f-73bf-b686-0397391aba07","externalSource":"dashdoc","invoiceNumber":"F-202512186","status":"final","currency":"EUR","dueDate":"2026-01-30T00:00:00","debtor":{"companyId":"6740904","name":"BONNEVAL EMERGENCE"},"creditor":null,"lines":[],"createdAt":"2026-01-20T13:44:51.728157Z"},{"externalId":"019bdb74-401e-73b4-8d13-19a8a2ca5b9f","externalSource":"dashdoc","invoiceNumber":"F-202512185","status":"final","currency":"EUR","dueDate":"2026-01-30T00:00:00","debtor":{"companyId":"4456758","name":"MAZET 31"},"creditor":null,"lines":[],"createdAt":"2026-01-20T12:49:47.551633Z"},{"externalId":"019bdb6e-36ce-7df3-a625-bd3da8e77a17","externalSource":"dashdoc","invoiceNumber":"F-202512184","status":"final","currency":"EUR","dueDate":"2026-01-30T00:00:00","debtor":{"companyId":"7054131","name":"RAVE S.A.S"},"creditor":null,"lines":[],"createdAt":"2026-01-20T12:43:11.951422Z"},{"externalId":"019bdb06-0ca5-77db-bf8b-a3613d9e7925","externalSource":"dashdoc","invoiceNumber":"F-202512183","status":"final","currency":"EUR","dueDate":"2026-01-30T00:00:00","debtor":{"companyId":"4071138","name":"PORTMANN BORDEAUX"},"creditor":null,"lines":[],"createdAt":"2026-01-20T10:49:25.414122Z"},{"externalId":"019bdb00-8f22-7712-b352-566ec24e82c0","externalSource":"dashdoc","invoiceNumber":"F-202512182","status":"final","currency":"EUR","dueDate":"2026-01-30T00:00:00","debtor":{"companyId":"7028320","name":"GOTRANS"},"creditor":null,"lines":[],"createdAt":"2026-01-20T10:43:25.603378Z"},{"externalId":"019bdaf9-7f1d-7b3e-b608-3b2fc11774c1","externalSource":"dashdoc","invoiceNumber":"F-202512181","status":"final","currency":"EUR","dueDate":"2026-01-30T00:00:00","debtor":{"companyId":"6668648","name":"DB SCHENKER NIORT"},"creditor":null,"lines":[],"createdAt":"2026-01-20T10:35:42.750401Z"},{"externalId":"019bdaf4-ce17-7b5c-9e7f-f4b6851e9d56","externalSource":"dashdoc","invoiceNumber":"F-202512180","status":"final","currency":"EUR","dueDate":"2026-01-30T00:00:00","debtor":{"companyId":"6668574","name":"DUPESSEY DISTRIBUTION"},"creditor":null,"lines":[],"createdAt":"2026-01-20T10:30:35.288449Z"},{"externalId":"019bdaec-76a4-7180-b37f-44af28e08cc1","externalSource":"dashdoc","invoiceNumber":"F-202512179","status":"final","currency":"EUR","dueDate":"2026-01-30T00:00:00","debtor":{"companyId":"6510997","name":"GEODIS D&E BORDEAUX"},"creditor":null,"lines":[],"createdAt":"2026-01-20T10:21:28.613349Z"},{"externalId":"019bdae9-2b56-75ed-a309-043e2dbbc298","externalSource":"dashdoc","invoiceNumber":"F-202512178","status":"final","currency":"EUR","dueDate":"2026-01-30T00:00:00","debtor":{"companyId":"6510997","name":"GEODIS D&E BORDEAUX"},"creditor":null,"lines":[],"createdAt":"2026-01-20T10:17:52.727321Z"},{"externalId":"019bdae3-49e8-7e63-bb98-448d5ef98960","externalSource":"dashdoc","invoiceNumber":"F-202512177","status":"final","currency":"EUR","dueDate":"2026-01-30T00:00:00","debtor":{"companyId":"6393678","name":"DHL SUPPLY CHAIN FRANCE"},"creditor":null,"lines":[],"createdAt":"2026-01-20T10:11:27.337437Z"},{"externalId":"019bdade-8c24-7622-8178-06eab8d4126f","externalSource":"dashdoc","invoiceNumber":"F-202512176","status":"final","currency":"EUR","dueDate":"2026-01-30T00:00:00","debtor":{"companyId":"6363309","name":"DB SCHENKER"},"creditor":null,"lines":[],"createdAt":"2026-01-20T10:06:16.613326Z"},{"externalId":"019bdad8-b9e5-7586-ad6d-d361a83a9c63","externalSource":"dashdoc","invoiceNumber":"F-202512175","status":"final","currency":"EUR","dueDate":"2026-01-30T00:00:00","debtor":{"companyId":"6294841","name":"LACASSAGNE TRANSPORTS"},"creditor":null,"lines":[],"createdAt":"2026-01-20T09:59:55.110552Z"},{"externalId":"019bdacb-3208-77bc-8055-c9c23ac2dade","externalSource":"dashdoc","invoiceNumber":"F-202512191","status":"final","currency":"EUR","dueDate":"2026-01-30T00:00:00","debtor":{"companyId":"4802940","name":"ARCELORMITTAL CENTRES DE SERVICES"},"creditor":null,"lines":[],"createdAt":"2026-01-20T09:45:08.360854Z"}]},"completedAt":"2026-01-26T20:55:47.460Z"}