{"success":true,"message":"Transport 019bf640-8902-7145-b4c7-acc6cb69f899 synchronized","transport":{"externalId":"019bf640-8902-7145-b4c7-acc6cb69f899","externalSource":"dashdoc","sequentialId":32064886,"inviteCode":"","remoteId":"","status":"CONFIRMED","globalStatus":"accepted","creationMethod":"duplication","createdAt":"2026-01-25T17:43:03.188235Z","updatedAt":"2026-01-26T10:28:08.278851Z","pickup":{"address":{"name":"DEPOT ST GEORGES D'ESPERANCHE (DHL)","street":"25 Route de Saint-Just","city":"Saint-Georges-d'Espéranche","postalCode":"38790","country":"FR","location":{"type":"Point","coordinates":[5.05395,45.58464]}},"contact":{},"scheduledAt":"2026-01-26T14:00:16.041000+00:00","scheduledEnd":"2026-01-26T14:00:16.041000+00:00","instructions":"UTILISATION APPLICATION TRAVIS OBLIGATOIRE !! \nÀ défaut d'utilisation toute pénalité imputée engagera votre responsabilité et sera déduite de votre facture.","reference":"19436029"},"delivery":{"address":{"name":"CRF CHAMBERY CHAMNORD","street":"1097 Avenue des Landiers","city":"Chambéry","postalCode":"73000","country":"FR","location":{"type":"Point","coordinates":[5.9015,45.59324]}},"contact":{},"scheduledAt":"2026-01-27T05:45:00+00:00","scheduledEnd":"2026-01-27T05:45:00+00:00","instructions":"","reference":""},"cargo":[],"carrier":{"externalId":3802458,"name":"SARL SETT TRANSPORTS","siret":"35067556700050","vatNumber":"FR21350675567","phone":"+33476047111","address":{"street":"1088 Av. Jean François Champollion","city":"Pontcharra","postalCode":"38530","country":"FR"}},"pricing":{"totalPrice":340,"agreedPrice":null,"invoicedPrice":340,"currency":"EUR"},"metrics":{"estimatedDistance":92.25,"carbonFootprint":350.8235888755},"documents":[{"externalId":41579139,"category":"ldv","name":"National bill of lading","fileUrl":"https://www.dashdoc.eu/api/v4/delivery-documents/019bf9bf-8378-7479-ada2-be1173b3f361/","createdAt":"2026-01-26T10:27:56.369143Z"},{"externalId":41579138,"category":"ldv","name":"National bill of lading","fileUrl":"https://www.dashdoc.eu/api/v4/delivery-documents/019bf9bf-8377-71ed-932e-fb49659a2fb4/","createdAt":"2026-01-26T10:27:54.945958Z"}],"trackingId":"XXXXXX-XXXXXX","tags":[{"pk":97802,"name":"AFFRETEMENT","color":"#FA9538","tag_group_id":977},{"pk":126835,"name":"Symphonia","color":"#934EF4","tag_group_id":null}],"_raw":{"shape":"ungrouping","isOrder":false,"businessPrivacy":false}}}