{
  "Comment": "CloudFront distribution for RT Subscriptions-Contracts API",
  "Enabled": true,
  "CallerReference": "rt-subscriptions-contracts-2025-11-24",
  "DefaultRootObject": "",
  "Origins": {
    "Quantity": 1,
    "Items": [
      {
        "Id": "rt-subscriptions-api-eb",
        "DomainName": "rt-subscriptions-api-prod.eba-pwrpmmxu.eu-central-1.elasticbeanstalk.com",
        "CustomOriginConfig": {
          "HTTPPort": 80,
          "HTTPSPort": 443,
          "OriginProtocolPolicy": "http-only",
          "OriginSslProtocols": {
            "Quantity": 1,
            "Items": ["TLSv1.2"]
          }
        }
      }
    ]
  },
  "DefaultCacheBehavior": {
    "TargetOriginId": "rt-subscriptions-api-eb",
    "ViewerProtocolPolicy": "redirect-to-https",
    "AllowedMethods": {
      "Quantity": 7,
      "Items": ["GET", "HEAD", "OPTIONS", "PUT", "POST", "PATCH", "DELETE"],
      "CachedMethods": {
        "Quantity": 2,
        "Items": ["GET", "HEAD"]
      }
    },
    "ForwardedValues": {
      "QueryString": true,
      "Cookies": {
        "Forward": "all"
      },
      "Headers": {
        "Quantity": 5,
        "Items": [
          "Origin",
          "Access-Control-Request-Headers",
          "Access-Control-Request-Method",
          "Content-Type",
          "Authorization"
        ]
      }
    },
    "MinTTL": 0,
    "DefaultTTL": 0,
    "MaxTTL": 31536000,
    "Compress": true,
    "TrustedSigners": {
      "Enabled": false,
      "Quantity": 0
    }
  },
  "PriceClass": "PriceClass_100",
  "ViewerCertificate": {
    "CloudFrontDefaultCertificate": true,
    "MinimumProtocolVersion": "TLSv1.2_2021"
  }
}
